year,route1,highpoint,route
1963,S Col-SE Ridge,8850,"BC(21/03,5425m),C1(30/03,6160m),C2.ABC(02/04,6510m),C3(07/04,7250m),C4(15/05,7650m),C5(16/05,7950m),C6(21/05,8300m),Smt(01,22/05); C3W(07/04,7250m),C4W(15/05,7650m),C5W(21/05,8300m),Smt(22/05),Biv(22/05,8530m)"
1965,S Col-SE Ridge,8850,"BC(22/03,5425m),C1(27/03,6100m),C2(04/04,6490m),C3(06/04,6980m),C4(08/03,7620m),C5(18/05,7986m),C6(19/05,8513m),Smt(20,22,24,29/05)"
1970,S Col-SE Ridge,8850,"BC(23/03,5350m),Dep(5800m),C1(04/04,6150m),C2(16/04,6450m),C3(18/04,6950m),C4(26/04,7500m),C5(26/04,7986m),C6(10/05,8513m),Smt(11-12/05); SWFaceC2.ABC(17/04,6600m),C3(18/04,7000m),C4(06/05,7500m),xxx(10/05,8050m)"
1973,S Col-SE Ridge,8850,"BC(21/03,5400m),C1(27/03,6150m),C2(31/03,6450m),C3(11/04,7000m),C4(29/04,7500m),C5(30/04,7985m),C6(04/05,8515m),Smt(05,07/05)"
1973,S Col-SE Ridge,8850,"BC(25/08,5440m),C1(04/09,6100m),C2(09/09,6700m),C3A(18/10,7450m),C4A(25/10,8000m),Smt(26/10),Biv(26/10,8600m); SW-Face.C3B(18/09,7000m),C4B(26/09,7500m),C5B(07/10,8000m),xxx(26/10,8380m)"
1975,S Col-SE Ridge,8850,"BC(16/03,5300m),C1(03/04,6050m),C2(08/04,6400m),C3(14/04,6900m),C4(27/04,7600m),C5(14/05,7985m),C6(15/05,8500m),Smt(16/05)"
1976,S Col-SE Ridge,8850,"BC(24/03,5425m),C1(03/04,5950m),C2(09/04,6650m),C3(21/04,6950m),C4(30/04,7620m),C5(12/05,8000m),C6(14/05,8380m),Smt(16/05)"
1976,S Col-SE Ridge,8850,"BC(26/08),C1(02/09,5900m),C2(08/09,6480m),C3(10/09,7000m),C4(25/09,7470m),C5(01/10,7985m),C6(07/10,8380m),Smt(08/10)"
1977,S Col-SE Ridge,8850,"BC(09/08,5400m),C1(16/08,6100m),C2(19/08,6450m),C3(26/08,7400m),C4(07/09,7980m),C5(08/09,8500m),Smt(15/09)"
1978,S Col-SE Ridge,8850,"BC(24/03,5340m),C1(02/04,6050m),C2(03/04,6400m),C3(13/04,7200m),C4(24/04,7980m),C5(02/05,8500m),Smt(03,08,11,14/05)"
1978,S Col-SE Ridge,8850,"BC(03/09,5400m),C1(02/09,6000m),C2(09/09,6500m),C3(18/09,7250m),C4(30/09,8000m),Smt(14,16-17/10)"
1978,S Col-SE Ridge,8850,"BC(29/08,5400m),C1(02/09,6000m),C2(09/09,6500m),C3(18/09,7050m),C4(27/09,7600m),C5(30/09,8000m),Smt(15/10)"
1979,S Col-SE Ridge,8850,"BC(25/08,5400m),C1(04/09,6000m),C2(07/09,6500m),C3(12/09,7200m),C4(24/09,8000m),Smt(01-02/10)"
1979,S Col-SE Ridge,8850,"BC(31/12,5360m),C1(08/01,6050m),C2(09/01,6500m),C3(15/01,7150m),C4(11/02,7960m),Smt(17/02)"
1980,S Col-SE Ridge,8850,"BC(20/03,5400m),C1(05/04,6100m),C2(07/04,6500m),C3(17/04,7360m),C4(19/04,8000m),Smt(14/05)"
1982,S Col-SE Ridge,8850,"BC(16/08,5200m),C1(16/09,6060m),C2(22/09,6500m),C3(28/09,7200m),C4(04/10,8000m),Smt(05,07/10)"
1982,S Col-SE Ridge,8850,"BC(03/12,5350m),C1(08/12,6000m),C2(13/12,6650m),C3(18/12,7400m),C4(22/12,7900m),Smt(27/12)"
1983,S Col-SE Ridge,8850,"BC(01/04,5395m),C1(17/04,5900m),C2(21/04,6490m),C3(29/04,7315m),C4(06/05,7995m),C5(8380m),Smt(07,14/05)"
1983,S Col-SE Ridge,8850,"BC(10/09,5300m),C1(19/09,6100m),C2(23/09,6400m),C3(26/09,7500m),C4(07/10,7980m),Smt(08/10)"
1983,S Col-SE Ridge,8850,"BC(20/11,5300m),C1(01/12,6100m),C2(03/12,6400m),C3(08/12,7400m),C4(13/12,8000m),Smt(16/12)"
1984,S Col-SE Ridge,8850,"BC(16/03,5350m),C1(05/04,6095m),C2.ABC(09/04,6585m),C3(12/04,7315m),C4(29/04,7985m),C5(08/05,8475m),Smt(09,23/05)"
1985,S Col-SE Ridge,8850,"BC(14/03,5400m),C1(25/03,6100m),C2(31/03,6400m),C3(07/04,7300m),C4(18/04,8000m),Smt(21,29-30/04)"
1985,S Col-SE Ridge,8850,"BC(16/09,5350m),C1(01/10,6000m),C2(04/10,6500m),C3(14/10,7450m),C4(28/10,7980m),Smt(30/10)"
1987,S Col-SE Ridge,8850,"BC(30/11,5350m),C1(04/12,6100m),C2(07/12,6600m),C3(11/12,7300m),C4(19/12,7986m),Smt(22/12),Biv(22/12,8600m)"
1988,S Col-SE Ridge,8850,"BC(12/03,5400m),C1(26/03,5900m),C2(04/04,6500m),C3(14/04,7300m),C4(14/05,7900m),Smt(25,28/05)"
1988,S Col-SE Ridge,8850,"BC(22/08,5350m),C1(05/09,6000m),C2(12/09,6500m),C3(27/09,7225m),C4(28/09,7900m),Smt(29/09,02/10)"
1988,S Col-SE Ridge,8850,"BC(01/09,5350m),C1(07/09,6100m),C2(09/09,6400m),C3(15/09,7200m),C4(25/09,8000m),Smt(26/09)"
1988,S Col-SE Ridge,8850,"BC(08/09,5350m),C1(6200m),C2(7300m),Smt(26/09)"
1988,S Col-SE Ridge,8850,"BC(14/09,5400m),C1(19/09,6100m),C2(23/09,6400m),C3(25/09,7400m),C4(12/10,8000m),Smt(13/10)"
1989,S Col-SE Ridge,8850,"BC(11/03,5350m),C1(04/04,6000m),C2(07/04,6400m),C3(21/04,7200m),C4(02/05,7900m),Smt(16/05)"
1989,S Col-SE Ridge,8850,"BC(30/03,5350m),C1(09/04,6000m),C2(17/04,6400m),C3(22/04,7150m),C4(04/05,7900m),Smt(24/05)"
1989,S Col-SE Ridge,8850,"BC(28/04),C1,C2,C3(7400m),C4(09/04,7900m),Smt(10/05)"
1989,S Col-SE Ridge,8850,"BC(25/08,5350m),C1(03/09,6050m),C2(09/09,6450m),C3(17/09,7300m),C4(04/10,7950m),Smt(13/10)"
1989,S Col-SE Ridge,8850,"BC(31/08,5350m),C1(05/09,6250m),C2(11/09,7300m),C3(19/09,7900m),Smt(13/10)"
1990,S Col-SE Ridge,8850,"BC(26/03,5485m),C1(04/04,6100m),ABC(12/04,6700m),C3(16/04,7300m),C4(23/04,7985m),C5(23/04,8530m),Smt(23/04)"
1990,S Col-SE Ridge,8850,"BC(01/04,5350m),C1(06/04,6000m),C2(08/04,6600m),C3(15/04,7150m),C4(27/04,7900m),Smt(10-11/05)"
1990,S Col-SE Ridge,8850,"BC(01/04,5350m),C1(10/04,6100m),C2(14/04,6400m),C3(19/04,7300m),C4(09/05,7900m),Smt(10-11/05)"
1990,S Col-SE Ridge,8850,"BC(23/08,5400m),C1(31/08,6100m),C2.ABC(07/09,6700m),C3(15/09,7250m),C4(23/09,7890m),Smt(06/10)"
1990,S Col-SE Ridge,8850,"BC(28/08,5300m),C1(03/09,6100m),C2(05/09,6400m),C3(12/09,7200m),C4(19/09,7900m),Smt(04,07/10)"
1990,S Col-SE Ridge,8850,"BC(04/09,5300m),C1(08/09,6100m),C2(09/09,6400m),C3(13/09,7300m),C4(23/09,7900m),Smt(05-06/10)"
1991,S Col-SE Ridge,8850,"BC(10/03,5350m),C1(28/03,6100m),C2(02/04,6500m),C3(05/04,7100m),C4(21/04,7900m),Smt(08/05)"
1991,S Col-SE Ridge,8850,"BC(10/03,5350m),C1(01/04,6100m),C2(06/04,6500m),C3(19/04,7200m),C4(27/04,7900m),Smt(15/05)"
1991,S Col-SE Ridge,8850,"BC(10/03,5350m),C1(28/03,6100m),C2(02/04,6500m),C3(21/04,7900m),Smt(08/05)"
1991,S Col-SE Ridge,8850,"BC(20/03,5350m),C1(01/04,6050m),C2(06/04,6500m),C3(30/04,7100m),C4(01/05,7900m),Smt(15/05)"
1991,S Col-SE Ridge,8850,"BC(21/08,5350m),C1(04/09,6000m),C2(09/09,6400m),C3(16/09,7300m),C4(30/09,7900m),Smt(06/10)"
1991,S Col-SE Ridge,8850,"BC(17/09,5350m),C1(25/09,6100m),C1(23/09,6400m),C2(24/09,6800m),C3(02/10,7300m),C4(30/09,7900m),Smt(07,10/10)"
1992,S Col-SE Ridge,8850,"BC(19/03,5350m),C1(06/04,6100m),C2(08/04,6600m),C3(11/04,7350m),C4(11/05,7900m),Smt(12/05)"
1992,S Col-SE Ridge,8850,"BC(23/03,5350m),C1(03/04,6150m),C2(05/04,6400m),C3(09/04,7200m),C4(01/05,7850m),Smt(12/05)"
1992,S Col-SE Ridge,8850,"BC(26/03,5350m),C1(28/03,6000m),C2(02/04,6500m),C3(10/04,7200m),C4(02/05,7900m),Smt(12,15/05)"
1992,S Col-SE Ridge,8850,"BC(29/03,5350m),C1(09/04,6200m),C2(12/04,6500m),C3(21/04,7200m),C4(06/05,7900m),Smt(15/05)"
1992,S Col-SE Ridge,8850,"BC(29/03,5350m),C1(01/04,6150m),C2(04/04,6650m),C3(26/04,7400m),C4(01/05,7900m),Smt(10,12/05)"
1992,S Col-SE Ridge,8850,"BC(02/04,5350m),C1(05/04,6100m),C2(15/04,6400m),C3(20/04,7500m),C4(12/05,7900m),Smt(15/05)"
1992,S Col-SE Ridge,8850,"BC(23/08,5350m),C1(01/09,6000m),C2(05/09,6400m),C3(14/09,7300m),C4(24/09,7900m),Smt(25/09,01,03/10)"
1992,S Col-SE Ridge,8850,"BC(01/09),C1(05/09,6100m),C2(08/09,6500m),C3(13/09,7300m),C4(23/09,7900m),Smt(04/10)"
1992,S Col-SE Ridge,8850,"BC(02/09,5350m),C1(10/09,6100m),C2(13/09,6100m),C3(18/09,7300m),C4(03/10,7900m),Smt(09/10)"
1992,S Col-SE Ridge,8850,"BC(04/09),C1(08/09,6100m),C2(11/09,6400m),C3(14/09,7300m),C4(24/09,7900m),Smt(07,09/10)"
1992,S Col-SE Ridge,8850,"BC(06/09,5350m),C1(09/09,6100m),C2(12/09,6400m),C3(15/09,7300m),C4(30/09,7900m),Smt(01/10)"
1992,S Col-SE Ridge,8850,"BC(07/09,5350m),C1(09/09,6000m),C2(10/09,6350m),C3(20/09,7250m),C4(27/09,7900m),Smt(28-30/09)"
1992,S Col-SE Ridge,8850,"BC(27/08),C1(01/09,6100m),C2(12/09,6400m),C3(16/09,7300m),C4(24/09,7900m),Smt(09/10)"
1993,S Col-SE Ridge,8850,"BC(05/03,5350m),C1(26/03,6100m),C2(10/04,6500m),C3(17/04,7200m),C4(10/05,7900m),Smt(16/05)"
1993,S Col-SE Ridge,8850,"BC(20/03,5300m),C1(05/04,6100m),C2(08/04,6500m),C3(12/04,7200m),C4(20/04,7900m),Smt(16/05)"
1993,S Col-SE Ridge,8850,"BC(22/03,5350m),C1(03/04,6100m),C2(06/04,6400m0,C3(23/04,7300m),C4(09/05,7900m),Smt(10/05)"
1993,S Col-SE Ridge,8850,"BC(24/03,5350m),C1(06/04,6050m),C2(08/04,6400m),C3(17/04,7300m),C4(09/05,7900m),Smt(10,16/05)"
1993,S Col-SE Ridge,8850,"BC(27/03,5350m),C1(02/04,6050m),C2(08/04,6400m),C3(14/04,7200m),C4(23/04,7900m),Smt(10/05)"
1993,S Col-SE Ridge,8850,"BC(27/03,5300m),C1(06/04,6100m),C2(10/04,6500m),C3(12/04,7400m),C4(04/05,7900m),C5(10/05,8400m),Smt(10,16/05)"
1993,S Col-SE Ridge,8850,"BC(27/03,5350m),C1(09/04,6150m),C2(16/04,6450m),C3(19/04,7200m),C4(09/05,7900m),Smt(10/05)"
1993,S Col-SE Ridge,8850,"BC(20/03,5350m),C1(02/04,6050m),C2(05/04,6500m),C3(07/04,7375m),C4(20/04,7900m),Smt(22/04)"
1993,S Col-SE Ridge,8850,"BC(01/04,5350m),C1(07/04,6100m),C2(10/04,6500m),C3(21/04,7350m),C4(09/05,7900m),Smt(10/05)"
1993,S Col-SE Ridge,8850,"BC(06/04),C1(12/04,6400m),C2(15/04,6860m),C3(07/05,7470m),C4(08/05,7900m),Smt(10,17/05)"
1993,S Col-SE Ridge,8850,"BC(08/04,5350m),C1,C2,C3,C4(20/04,7900m),Smt(10/05)"
1993,S Col-SE Ridge,8850,"BC(15/04,5300m),C1(20/04,6100m),C2(21/04,6500m),C3(29/04,7200m),C4(01/05,7900m),Smt(16-17/05)"
1993,S Col-SE Ridge,8850,"BC(25/08,5350m),C1(31/08,6000m),C2(05/09,6450m),C3(19/09,7150m),C4(06/10,7900m),Smt(07,09/10)"
1993,S Col-SE Ridge,8850,"BC(27/08,5400m),C1(30/08,6000m),C2(05/09,6400m),C3(18/09,7150m),C4(05/10,7900m),Smt(06,09/10)"
1994,S Col-SE Ridge,8850,"BC(15/03,5300m),C1(12/04,6100m),C2(14/04,6500m),C3(22/04,7300m),C4(09/05,7900m),Smt(13/05)"
1994,S Col-SE Ridge,8850,"BC(16/03,5350m),C1(12/04,6100m),C2(14/04,6500m),C3(22/04,7300m),C4(08/05,7900m),Smt(09/05)"
1994,S Col-SE Ridge,8850,"BC(29/03,5350m),C1(03/04,6000m),C2(15/04,6650m),C3(22/04,7200m),C4(08/05,7900m),Smt(09,13/05)"
1994,S Col-SE Ridge,8850,"BC(22/08),C1(06/09,5950m),C2(18/09,6440m),C3(22/09,7100m),C4(25/09,7900m),Smt(11/10)"
1994,S Col-SE Ridge,8850,"BC(27/08),C1(15/09,6000m),C2(18/09,6400m),C3(02/10,7200m),C4(06/10,7900m),Smt(10/10)"
1995,S Col-SE Ridge,8850,"BC(21/03,5350m),C1(12/04,5899m),C2(14/04,6400m),C3(25/04,7300m),C4(06/05,7900m),Smt(07/05)"
1995,S Col-SE Ridge,8850,"BC(13/04,5350m),C1(20/04,5500m),C2(22/04,6650m),C3(25/04,7300m),C4(06/05,7900m),Smt(15/05)"
1996,S Col-SE Ridge,8850,"BC(01/04),C1(06/04,5800m),C2(10/04,6300m),C3(16/04,7200m),C4(09/05,7900m),Smt(10/05)"
1996,S Col-SE Ridge,8850,"BC(03/04,5350m),C1(10/04,5900m),C2(16/04,6500m),C3(22/04,7300m),C4(22/05,7900m),Smt(23/05)"
1996,S Col-SE Ridge,8850,"BC(05/04,5350m),Dep(09/04,6000m),C2(16/04,6500m),C3(07/05,7300m),C4(09/05,7900m),Smt(25/05)"
1996,S Col-SE Ridge,8850,"BC(06/04,5300m),C1(15/04,6300m),C2(14/04,7900m),Smt(23/04)"
1996,S Col-SE Ridge,8850,"BC(07/04,5400m),C1(15/04,6100m),C2(21/04,6450m),C3(28/04,7300m),C4(09/05,7900m),Smt(10/05)"
1996,S Col-SE Ridge,8850,"BC(09/04,5350m),C1(16/04,5900m),C2(18/04,6400m),C3(29/04,7350m),C4(09/05,7900m),Smt(10/05)"
1996,S Col-SE Ridge,8850,"BC(22/08,5350m),C1(05/09,6050m),C2(09/09,6400m),C3(20/09,7300m),C4(10/10,7900m),Smt(11/10)"
1997,S Col-SE Ridge,8850,"BC(19/03,5350m),C1(22/03,6100m),C2(27/03,6500m),C3(06/04,7300m),C4(25/04,7900m),C5(26/04,8500m),Smt(26/04)"
1997,S Col-SE Ridge,8850,"BC(26/03,5400m),C1(13/04,6100m),C2(14/04,6500m),C3(28/04,7500m),C4(22/05,7900m),Smt(23/05)"
1997,S Col-SE Ridge,8850,"BC(02/04),C1(12/04,6000m),C2(21/04,6550m),C3(23/04,7100m),C4(22/05,7900m),Smt(23/05)"
1997,S Col-SE Ridge,8850,"BC(03/04,5350m),ABC(06/04,6100m),C1(09/04,6400m),C2(15/04,7300m),C3(20/05,7900m),Smt(21,23/05)"
1997,S Col-SE Ridge,8850,"BC(05/04,5350),C1(07/04,6000m),C2(13/04,6400m),C3(28/04,7300m),C4(26/05,7900m),Smt(27/05)"
1997,S Col-SE Ridge,8850,"BC(07/04),C1(19/04,6100m),C2(26/04,6400m),C3(27/04,7300m),C4(22/05,7900m),Smt(23/05)"
1997,S Col-SE Ridge,8850,"BC(09/04,5300m),C1(12/04,6100m),C2(16/04,6500m),C3(18/04,7400m),C4(22/05,7900m),Smt(23/05)"
1997,S Col-SE Ridge,8850,"BC(14/04,5350m),C1(20/04,6000m),C2(21/04,6400m),C3(27/04,7200m),C4(23/05,7900m),Smt(25/05)"
1997,S Col-SE Ridge,8850,"BC(03/04,5350m),C1(07/04,6100m),C2(15/04,6400m),C3(24/04,7300m),C4(22/05,7900m),Smt(23,27/05)"
1997,S Col-SE Ridge,8850,"BC(01/05,5350m),C2(06/05,6500m),C4(13/05,7900m),Smt(21,25/05)"
1998,S Col-SE Ridge,8850,"BC(24/03),C2(16/04,6500m),C3(17/05,7400m),C4(18/05,7900m),Smt(25/05)"
1998,S Col-SE Ridge,8850,"BC(25/03,5350m),C1(07/04,6050m),C2(16/04,6400m),C3(30/04,7200m),C4(18/05,7900m),Smt(25/05)"
1998,S Col-SE Ridge,8850,"BC.Sherpas(29/03,5350m),Members.BC(10/04,5350m),C1(17/04,6100m),C2(18/04,6400m),C3(24/04,6700m),C4(18/05,7900m),Smt(20/05)"
1998,S Col-SE Ridge,8850,"BC(03/04),C1(12/04,5945m),C2.Sherpas(14/04,6490m),C2(17/04,7160m),C3(25/04),C4(18/05,7900m),Smt(20,27/05)"
1998,S Col-SE Ridge,8850,"BC(04/04,5400m),C1(08/04,6000m),C2(10/04,6400m),C3(22/04,7350m),C4(18/05,7900m),Smt(26/05)"
1998,S Col-SE Ridge,8850,"BC(06/04,5350m),C1(17/04,6100m),C2(22/04,6500m),C3(30/04,7300m),C4(18/05,7900m),Smt(20/05)"
1998,S Col-SE Ridge,8850,"BC(06/04,5400m),C1(14/04,6000m),C2.ABC(22/04,6400m),C3(25/04,7700m),C4(18/05,7986m),Smt(25/05)"
1998,S Col-SE Ridge,8850,"BC(17/04),C1(23/04,6100m),C2(25/04,6700m),C3(29/04,7315m),C4(19/05,7900m),Smt(20/05)"
1998,S Col-SE Ridge,8850,"BC(18/09,5350m),C2(27/09,6400m),C2(01/10,6400m),C4(16/10,7900m),Smt(17/10)"
1998,S Col-SE Ridge,8850,"BC(06/09,5350m),C1(14/09,6200m),C2(20/09,6500m),C3(13/10,7300m),C4(14/10,7900m),Smt(15/10)"
1999,S Col-SE Ridge,8850,"BC(14/04),C1(16/04,6100m),C2(22/04,6500m),C3(24/04,7300m),C4(03/05,7900m),Smt(05/05)"
1999,S Col-SE Ridge,8850,"BC(04/04,5350m),C1(10/04,6100m),C2(15/04,6500m),C3(24/04,7250m),C4(11/05,7900m),Smt(12/05)"
1999,S Col-SE Ridge,8850,"BC(22/03,5350m),C1(07/04,6100m),C2(09/04,6400m),C3(04/05,7300m),C4(05/05,7900m),Smt(06,26/05)"
1999,S Col-SE Ridge,8850,"BC(29/03,5350m),C1(10/04,6000m),C2(12/04,6350m),C3(25/04,7300m),C4(30/04,7900m),Smt(05,13/05)"
1999,S Col-SE Ridge,8850,"BC(05/04,5350m),C1(10/04,6100m),C2(17/04,6500m),C3(20/04,7100m),C4(03/05,7900m),Smt(12-13/05)"
1999,S Col-SE Ridge,8850,"BC(04/04,5350m),C1(08/04,6100m),C2(13/04,6350m),C3(21/04,7300m),C4(03/05,7900m),Smt(05/05)"
1999,S Col-SE Ridge,8850,"BC(10/04),C1(16/04,6100m),C2(18/04,6500m),C3(25/04,7400m),C4(03/05,7900m),Smt(05/05)"
1999,S Col-SE Ridge,8850,"BC(03/04,5350m),C1(08/04,6100m),C2(09/04,6400m),C3(22/04,7500m),C4(11/05,7900m),Smt(12/05)"
1999,S Col-SE Ridge,8850,"BC(11/04),C1(20/04,6000m),C2(25/04,6400m),C3(11/05,7300m),C4(12/05,7900m),Smt(13/05)"
1999,S Col-SE Ridge,8850,"BC(30/03,5350m),C1(10/04,6100m),C2(11/04,6400m),C3(15/04,7300m),C4(03/05,7900m),Smt(26/05)"
2000,S Col-SE Ridge,8850,"BC(07/04,5300m),C2(23/04,6450m),C3(01/05,7200m),C4(23/05),Smt(24/05)"
2000,S Col-SE Ridge,8850,"BC(12/04,5350m),C1(14/04,6500m),C2(20/04,7900m),Smt(24/05)"
2000,S Col-SE Ridge,8850,"BC(30/03),C1(07/04,5950m),C2(15/04,6400m),C3(14/05,7000m),C4(15/05,7950m),Smt(16/05)"
2000,S Col-SE Ridge,8850,"BC(24/03,5350m),C1(02/04,6100m),C2(11/04,6400m),C3(25/04,7300m),C4(20/05,7986m),Smt(22/05)"
2000,S Col-SE Ridge,8850,"BC(03/04,5300m),C1(07/04,6000m),C2(08/04,6400m),C3(18/04,7300m),C4(13/05,8000m),Smt(16/05)"
2000,S Col-SE Ridge,8850,"BC(05/04,5350m),C1(11/04,6100m),C2(16/04,6500m),C3(01/05,7400m),C4(20/05),Smt(22/05)"
2000,S Col-SE Ridge,8850,"BC(14/04),C1(21/04,6100m),C2(23/04,6445m),C3(03/05,7055m),C4(21/05,7900m),Smt(23/05)"
2000,S Col-SE Ridge,8850,"BC(03/04,5350m),C2(12/04,6300m),C3(7300m),C4(06/05,7900m),Smt(21/05)"
2000,S Col-SE Ridge,8850,"BC(14/04,5350m),C1(19/04,6100m),C2(29/04,6400m),C3(14/05,7300m),C4(15/05,7900m),Smt(24/05)"
2000,S Col-SE Ridge,8850,"BC(01/04,5350m),C1(03/04,6100m),C2(05/04,6400m),C3(17/04,7400m),C4(07/05,7900m),Smt(17,24/05)"
2000,S Col-SE Ridge,8850,"BC(14/04,5350m),C1(21/04,6100m),C2(22/04,6500m),C3(04/05,7300m),C4(17/05,7900m),Smt(18/05)"
2000,S Col-SE Ridge,8850,"BC(01/04,5375m),C1(06/04,5975m),C2(17/04,6500m),C3(20/04,7200m),C4(20/05,8000m),Smt(21/05)"
2000,S Col-SE Ridge,8850,"BC(06/04),C1(15/04),C2(16/04,6350m),C3(13/05,7250m),Smt(17/05)"
2000,S Col-SE Ridge,8850,"BC(01/04),C1(07/04,6100m),C2(14/04,6500m),C3(19/05),C4(20/05,7900m),Smt(22/05)"
2000,S Col-SE Ridge,8850,"BC(05/04,5350m),C1(16-17/04,6400m),C3(25/04,7300m),C4(11/05,7900m),Smt(26/05)"
2000,S Col-SE Ridge,8850,"BC(05/04,5400m),C1(08,11/04,6050m),C2(15/04,6400m),C3(22/04,7300m),C4(29/04,7950m),Smt(16/05)"
2000,S Col-SE Ridge,8850,"BC(05/04,5340m),C1(11/04,6100m),C2(17/04,6400m),C3(29/04,7340m),C4(20/05,7950m),Smt(22/05)"
2000,S Col-SE Ridge,8850,"BC(14/09),C1(19/09,6020m),C2(21/09,6500m),C3(27/09,7300m),C4(06/10,7900m),Smt(07,09/10)"
2000,S Col-SE Ridge,8850,"BC(03/09),C1(17/09,6100m),C2(20/09,6400m),C3(25/09,7300m),C4(03/10,7900m),Smt(04-05/10)"
2000,S Col-SE Ridge,8850,"BC(28/08),C1(17/09,6100m),C2(20/09,6400m),C3(25/09,7300m),C4(03/10,7900m),Smt(04/10)"
2001,S Col-SE Ridge,8850,"BC(05/04),C1,C2(13/04,6400m),C3(22/04,7200m),C4(22/05,7900m),Smt(23/05)"
2001,S Col-SE Ridge,8850,"BC(09/04),C1(16/04),C2(21/04,6500m),C3(22/05,7400m),C4(22/05,7900m),Smt(24/05)"
2001,S Col-SE Ridge,8850,"BC(06/04,5350m),C1(15/04,6100m),C2(18/04,6475m),C3(13/05,7500m),C4(14/05,7900m),Smt(23/05)"
2001,S Col-SE Ridge,8850,"BC(04/04),C1(12/04,5950m),C2(18/04,6500m),C3(24/04,7500m),C4(23/05,7900m),Smt(24/05)"
2001,S Col-SE Ridge,8850,"BC(07/04,5300m),C1(14/04,6100m),C2(17/04,6400m),C3(23/04,7200m),C4(22/05,7985m),Smt(23/05)"
2001,S Col-SE Ridge,8850,"BC(04/04,5330m),C1(12/04,6035m),C2.ABC(21/04,6550m),C3(02/05,7300m),C4(23/05,8075m),Smt(25/05)"
2001,S Col-SE Ridge,8850,"BC(07/04),C1(18/04,6100m),C2(20/04,6400m),C3(21/04,7350m),C4(22/05,7900m),Smt(23/05)"
2001,S Col-SE Ridge,8850,"BC(04/04,5350m),C1(11/04,6100m),C2(19/04,6400m),C3(23/04,7300m),C4(23/05,7900m),Smt(25/05)"
2001,S Col-SE Ridge,8850,"BC(01/04),C1(16/04,5800m),C2(17/04,6400m),C3(26/04,7300m),C4(22/05,7900m),Smt(23/05)"
2001,S Col-SE Ridge,8850,"BC(29/04,5350m),C2(02/05,6400m),C3(03/05,7200m),C4(21/05,7900m),Smt(22/05)"
2001,S Col-SE Ridge,8850,"BC(05/04,5400m),C1(12/04,6100m),C2(13/04,6400m),C3(21/05,7300m),C4(22/05,7900m),Smt(23/05)"
2001,S Col-SE Ridge,8850,"BC(09/04,5350m),C1(12/04,6000m),C2(13/04,6400m),C3(28/04,7300m),C4(22/05,7950m),Smt(23/05)"
2001,S Col-SE Ridge,8850,"BC(05/04,5350m),C1(10/04,6000m),C2(15/04,6350m),C3(25/04,7250m),C4(30/04,7900m),Smt(22/05)"
2001,S Col-SE Ridge,8850,"BC(10/04,5200m),C1(14/04,5600m),C2(16/04,6300m),C3(24/04,7300m),C4(22/05,7900m),Smt(23/05)"
2001,S Col-SE Ridge,8850,"BC(03/04,5300m),C1(23/04,6000m),C2(26/04,6250m),C3(01/05,7300m),C4(21/05,7900m),Smt(23-24/05)"
2002,S Col-SE Ridge,8850,"BC(04/04,5380m),C1(11/04,6100m),C2(13/04,6500m),C3(30/04,7300m),C4(14/05,7900m),Smt(16/05)"
2002,S Col-SE Ridge,8850,"BC(08/04,5350m),C1(14/04,6100m),C2(16/04,6400m),C3(04/05,7350m),C4(15/05,7900m),Smt(16/05)"
2002,S Col-SE Ridge,8850,"BC(01/04,5400m),C1(11/04,6200m),C2(12/04,6500m),C3(17-18/04,6800m),C4(15/05,7900m),Smt(16/05)"
2002,S Col-SE Ridge,8850,"BC(10/04,5350m),C1(15/04,6000m),C2(17/04,6450m),C3(06/05,7300m),C4(23/05,7900m),Smt(25/05)"
2002,S Col-SE Ridge,8850,"BC(08/04,5300m),C1(16/04,6000m),C2(20/04,6400m),C3(13/05,7300m),C4(14/05,7900m),Smt(16/05)"
2002,S Col-SE Ridge,8850,"BC(10/04,5400m),C1(25/04,6270m),C2(22/04,6523,C3(13/05,6800m),C4(14/05,7900m),Smt(16/05)"
2002,S Col-SE Ridge,8850,"BC(07/04,5300m),C1(13/04,6000m),C2(20/04,6400m),C3(09/05,7200m),C4(15/05,7900m),Smt(16/05)"
2002,S Col-SE Ridge,8850,"BC(04/04,5500m),C1(13/04,6300m),C2(17/04,6700m),C3(21/04,7300m),C4(07/05,7900m),Smt(16/05)"
2002,S Col-SE Ridge,8850,"BC(02/04,5350m),C1(11/04,5900m),C2(17/04,6400m),C3(13/05,7300m),C4(14/05,7950m),Smt(16/05)"
2002,S Col-SE Ridge,8850,"BC(07/04,5350m),C1(15/04,6100m),C2(22/04,6400m),C3(26/04,7300m),C4(04/05,7900m),Smt(16,25/05)"
2002,S Col-SE Ridge,8850,"BC(13/04,5350m),C1(19/04,5900m),C2(21/04,6400m),C3(05/05,7200m),C4(23/05,7900m),Smt(25/05)"
2002,S Col-SE Ridge,8850,"BC(05/04,5360m),C1(13/04,6000m),C2(16/04,6350m),C3(07/05,7200m),C4(18/05,7900m),Smt(25/05)"
2002,S Col-SE Ridge,8850,"BC(08/04,5350m),C1(17/04,6100m),C2(19/04,6500m),C3(02/05,7300m),C4(17/05,7900m),Smt(18/05)"
2002,S Col-SE Ridge,8850,"BC(07/04,5360m),C1(14/04,6300m),C2(20/04,21,6700m),C3(22/04,7300m),C4(15/05,7900m),Smt(16/05)"
2002,S Col-SE Ridge,8850,"BC(04/04,5300m),C1(14/04,6000m),C2(18/04,6400m),C3(06/05,7300m),C4(15/05,7900m),Smt(16/05)"
2003,S Col-SE Ridge,8850,"BC(07/04,5300m),C1(11/04,6050m),C2(15/04,6400m),C3(17/05,7100m),C4(18/05,7950m),C5(20/05),Smt(22/04)"
2003,S Col-SE Ridge,8850,"BC(22/04,5400m),C1(01/05,6000m),C2(10/05,6500m),Smt(22/05)"
2003,S Col-SE Ridge,8850,"BC(01/04),C1(17/04,4511m),C2(10/05,6858m),C3(19/05,7315m),C4(20/05,7900m),Smt(22,26/05)"
2003,S Col-SE Ridge,8850,"BC(02/04,5350m),C1(07/04,5943m),C2(16/04,6492m),C3(18/04,7315m),C4(27/04,7900m),Smt(22,26/05)"
2003,S Col-SE Ridge,8850,"BC(12/04),C1(23/04,6100m),C2(26/04,6400m),C3(23/05,7315m),C4(24/05,7900m),Smt(26/05)"
2003,S Col-SE Ridge,8850,"BC(06/04),C1(15/04,6065m),C2(23/04,24,6249m),C3(07/05,7300m),C4(28/05,7900m),Smt(30/05)"
2003,S Col-SE Ridge,8850,"BC(17/04),C1(23/04,6100m),C2(29/04,6400m),C3(04/05,7300m),C4(20/05,7900m),Smt(22/05)"
2003,S Col-SE Ridge,8850,"BC(02/04,5250m),C1(09/04,5920m),C2(11/04,6400m),C3(21/04,7300m),C4(20/05,7954m),Smt(22/05)"
2003,S Col-SE Ridge,8850,"BC(12/04,5350m),C1(23/04,6100m),C2(25/04,6500m),C3(10/05,7162m),C4(27/05,7900m),Smt(30/05)"
2003,S Col-SE Ridge,8850,"BC(07/04,5300m),C1(11/04,6100m),C2(15/04,6470m),C3(23/04,7150m),C4(20/05,7900m),Smt(22-23/05)"
2003,S Col-SE Ridge,8850,"BC(05/04,5300m),C1(10/04,6000m),C2(17/04,6400m),C3(24/04,7200m),C4(20/05,7940m),Smt(22-23/05)"
2003,S Col-SE Ridge,8850,"BC(01/04,5300m),C1(11/04,5900m),C2(11/04,6400m),C3(24/04,7200m),C4(19/05,7900m),Smt(26/05)"
2003,S Col-SE Ridge,8850,"BC(15/04),C1(19/04,6000m),C2(21/04,6450m),C3(03/05,7200m),C4(20/05,7900m),Smt(26/05)"
2003,S Col-SE Ridge,8850,"BC(22/04,5390m),C1(24/04,6150m),C2(26/04,6500m),C3(02/05,7300m),C4(22/05,7900m),Smt(23/05)"
2003,S Col-SE Ridge,8850,"BC(08/04),C1(17/04,6100m),C2(20/04,6400m),C3(08/05,7300m),C4(15/05,7900m),Smt(23/05)"
2003,S Col-SE Ridge,8850,"BC(09/04,5334m),C1(18/04,6096m),C2(22/04,6400m),C3(08/05,7315m),C4(09/05,7925m),Smt(26/05)"
2003,S Col-SE Ridge,8850,"BC(08/04,5310m),C1(15/04,6100m),C2(26/04,6450m),C3(19/05,7150m),C4(20/05,7980m),Smt(22/05)"
2003,S Col-SE Ridge,8850,"BC(28/03,5300m),C1(10/04,6100m),C2(14/04,6500m),C3(22/04,7300m),C4(20/05,7900m),Smt(30/05)"
2003,S Col-SE Ridge,8850,"BC(03/04,5365m),C1(08/04,6070m),C2(14/04,6460m),C3(27/04,7180m),C4(20/05,7920m),Smt(22/05)"
2003,S Col-SE Ridge,8850,"BC(07/04,5300m),C1(09/04,6000m),C2(17/04,6600m),C3(27/04,7200m),C4(21/05,7900m),Smt(22/05)"
2003,S Col-SE Ridge,8850,"BC(06/04),C1(11/04,6100m),C2(16/04,6400m),C3(22/04,7200m),C4(20/05,7900m),Smt(22/05)"
2003,S Col-SE Ridge,8850,"BC(29/03,5364m),C1(04/04,6000m),C2(18/04,6400m),C3(02/05,7300m),C4(19/05,7900m),Smt(22/05)"
2003,S Col-SE Ridge,8850,"BC(07/04),C1(14/04,6100m),C2(20/04,6400m),C3(23/04,7200m),C4(20/05,7900m),Smt(26/05)"
2003,S Col-SE Ridge,8850,"BC(26/03,5300m),C1(30/03,6100m),C2(08/04,6500m),C3(18/04,7300m),C4(27/04,7680m),Smt(22/05)"
2003,S Col-SE Ridge,8850,"BC(11/04,5350m),C1(19/04,6018m),C2(20/04,6374m),C3(02/05,7120m),C4(21/05,8000m),Smt(22/05)"
2003,S Col-SE Ridge,8850,"BC(08/04,5400m),C1(14/04,6100m),C2(23/04,6300m),C3(03/05,7300m),C4(20/05,7900m),Smt(22/05)"
2004,S Col-SE Ridge,8850,"BC(29/03,5350m),C1(03/04,6000m),C2(09/04,6350m),C3(18/04,7234m),C4(15/05,7900m),Smt(16/05)"
2004,S Col-SE Ridge,8850,"BC(03/04,5464m),C1(20/04,6005m),C2(22/04,6523m),C3(13/05,7315m),C4(14/05,7925m),Smt(16/05)"
2004,S Col-SE Ridge,8850,"BC(10/04),C1(19/04,6100m),C2(20/04,6500m),C3(06/05,7200m),C4(22/05,7900m),Smt(24/05)"
2004,S Col-SE Ridge,8850,"BC(18/04,5360m),C1(25/04,5950m),C2(26/04,6460m),C3(07/05,7150m),C4(15/05,7930m),Smt(16/05)"
2004,S Col-SE Ridge,8850,"BC(05/04),C1(10/04,6100m),C2(14/04,6400m),C3(20/04,7300m),C4(15/05,7900m),Smt(16/05)"
2004,S Col-SE Ridge,8850,"BC(06/04),C1(11/04,6100m),C2(22/04,6300m),C3(7500m),C4(15/05,7900m),Smt(15-16/05)"
2004,S Col-SE Ridge,8850,"BC(05/04,5350m),C1(11/04,6060m),C2(12/04,6511m),C3(25/04,7300m),C4(14/05,7900m),Smt(15/05)"
2004,S Col-SE Ridge,8850,"BC(07/04),C1(11/04,6100m),C2(20/04,6450m),C3(06/05,7350m),C4(16/05,7900m),Smt(17/05)"
2004,S Col-SE Ridge,8850,"Bc(01/04),C1(07/04,6100m,C2(14/04,6450m),C3(18/04,7300m),C4(16/05,7900m),Smt(17/04)"
2004,S Col-SE Ridge,8850,"BC(07/04,5300m),C1(12/04,6100m),C2(16/04,6500m),C3(13/05,7500m),C4(14/05,7950m),Smt(16/05)"
2004,S Col-SE Ridge,8850,"BC(04/04,5300m),C1(12/04,5950m),C2(14/04,6400m),C3(26/04,7300m),C4(16/05,7900m),Smt(17/05)"
2004,S Col-SE Ridge,8850,"BC(04/04,5350m),C1(11/04,6100m),C2(19/04,6400m),C3(05/05,7300m),C4(17/05,7900m),Smt(18/05)"
2004,S Col-SE Ridge,8850,"C1(11/04,6100m),C2(18/04,6470m),C3(28/04,7200m),C4(14/05,7900m),Smt(15,24/05)"
2004,S Col-SE Ridge,8850,"BC(26/03,5350m),C1(10/04,6100m),C2(12/04,6400m),C3(19/04,7300m),C4(14/05,7900m),Smt(16/05)"
2004,S Col-SE Ridge,8850,"BC(10/04),C1(20/04,6100m),C2(25/04,6500m),C3(14/05,7300m),C4(15/05,7900m),Smt(16/05)"
2004,S Col-SE Ridge,8850,"BC(03/04,5364m),C1(20/04,6005m),C2(22/04,6523m),C3(24/04,7315m),C4(14/05,7925m),Smt(16/05)"
2004,S Col-SE Ridge,8850,"BC(16/04,5350m),C1(25/04,6100m),C2(28/05,6450m),C3(07/05,7500m),C4(16/05,7900m),Smt(18/05)"
2004,S Col-SE Ridge,8850,"BC(17/04,5350m),C1(25/04,6100m),C2(28/04,6500m),C3(09/05,7300m),C4(24/05,7900m),Smt(27/05)"
2004,S Col-SE Ridge,8850,"BC(05/04,5350m),C1(08/04,6050m),C2(10/04,6400m),C3(15/05,7300m),C4(16/05,7900m),Smt(17/05)"
2004,S Col-SE Ridge,8850,"BC(02/04),C1(09/04,6000m),C2(15/04,6500m),C3(22/04,7500m),C4(15/05,7900m),Smt(16/05)"
2004,S Col-SE Ridge,8850,"BC(13/04),C1(17/04,6100m),C2(23/04,6430m),C3(05/05,7300m),C4(16/05,7900m),Smt(17/05)"
2004,S Col-SE Ridge,8850,"BC(04/04,5300m),C1(11/04,6100m),C2(20/04,6500m),C3(29/04,7300m),C4(15/05,7900m),Smt(16/04)"
2004,S Col-SE Ridge,8850,"BC(08/04,5300m),C1(16/04,6000m),C2(21/04,6400m),C3(13/05,7300m),C4(22/05,8000m),Smt(24/05)"
2004,S Col-SE Ridge,8850,"BC(04/04,5300m),C1(08/04,6000m),C2(11/04,6500m),C3(20/04,7300m),C4(30/04,7900m),Smt(15/05)"
2004,S Col-SE Ridge,8850,"BC(02/04,5370m),C1(11/04,6100m),C2(14/04,6370m),C3(13/05,7370m),C4(14/05,7900m),Smt(15/05)"
2004,S Col-SE Ridge,8850,"BC(03/04,5350m),C1(10/04,6100m),C2(12/04,6450m),C3(26/04,7400m),C4(16/05,7900m),Smt(17/05)"
2005,S Col-SE Ridge,8850,"BC(03/04),C1(11/04,6100m),C2(19/04,6500m),C3(26/04,7310m),C4(30/05,7900m),Smt(31/05,02/06)"
2005,S Col-SE Ridge,8850,"BC(05-6/04,5400m),C1(12/04,6100m),C2(17/04,6400m),C3(26/04,7200m),C4(20/05,7950m),Smt(30-31/05)"
2005,S Col-SE Ridge,8850,"BC(09/04,5350m),C1(16/04,6000m),C2(18/04,6400m),Smt(30/05)"
2005,S Col-SE Ridge,8850,"BC(06/04,5500m),C1(15/04,6100m),C2(16/04,6450m),C3(19/05,7300m),C4(20/05,8000m),Smt(31/05)"
2005,S Col-SE Ridge,8850,"BC(24/04),C1(28/04,6000m),C2(06/05,6420m),C3(07/05,7300m),C4(29/05,7900m),Smt(30/05)"
2005,S Col-SE Ridge,8850,"BC(05/04,5300m),C1(20/04,5900m),C2(27/04,6400m),C3(20/05,7300m),C4(29/05,7900m),Smt(30/05)"
2005,S Col-SE Ridge,8850,"BC(07/04,5300m),C1(19/04,5900m),C2(25/04,6400m),C3(20/05,7300m),C4(30/05,7920m),Smt(31/05)"
2005,S Col-SE Ridge,8850,"BC(09/04,5500m),C1(15/04,5900m),C2(17/04,6200m),C3(27/04,7100m),C4(21/05,7950m),Smt(30/05)"
2005,S Col-SE Ridge,8850,"BC(02/04),C1(19/04,6100m),C2(20/04,6400m),C3(28/05,7140m),C4(29/05,7900m),Smt(30/05)"
2005,S Col-SE Ridge,8850,"BC(04/05,5350m),C1(13/04,5900m),C2(22/04,6500m),C3(24/04,7200m),C4(29/05,7900m),Smt(30-31/05)"
2005,S Col-SE Ridge,8850,"BC(14/04,5300m),C1(20/05,6000m),C2(25/04,6500m),C3(05/05,7100m),C4(29/05,8000m),Smt(30/05)"
2005,S Col-SE Ridge,8850,"BC(30/03),C1(13/04,6000m),C2(16/04,6400m),C3(28/05,7300m),C4(29/05,7900m),Smt(30/05)"
2005,S Col-SE Ridge,8850,"BC(09/04,5250m),C1(15/04,6100m),C2(20/04,6300m),C3(28/04,7150m),C4(30/05,7950m),Smt(31/05)"
2005,S Col-SE Ridge,8850,"BC(11/04,5500m),C1(14/04,6100m),C2(15/04,6400m),C3(28/04,7300m),C4(01/06,8000m),Smt(02/06)"
2005,S Col-SE Ridge,8850,"BC(09/04,5350m),C1(18/04,6100m),C2(20/04,6500m),C3(01/05,7200m),C4(29/05,7900m),Smt(30/05,02/06)"
2005,S Col-SE Ridge,8850,"BC(11/04),C1(18/04,6085m),C2(19/04,6380m),C3(30/04,7330m),C4(30/05,7900m),Smt(02/06)"
2005,S Col-SE Ridge,8850,"BC(09/04,5350m),C1(15/04,6000m),C2(20/04,6400m),C3(05/05,7350m),C4(29/05,7900m),Smt(30/05)"
2005,S Col-SE Ridge,8850,"BC(16/04,5500m),ABC(23/04,6200m),C1(03/05,7500m),C3(29/05,8000m),Smt(30/05)"
2005,S Col-SE Ridge,8850,"BC(14/04),C1(21/04,5900m),C2(28/04,6450m),C3(04/05,7100m),C4(03/06,7900m),Smt(05/06)"
2005,S Col-SE Ridge,8850,"BC(09/04,5334m),C1(17/04,5883m),C2(18/04,6492m),C3(28/04,7254m),C4(30/05,7925m),Smt(31/05)"
2006,S Col-SE Ridge,8850,"BC(13/04,5300m),C1(24/04,6000m),C2(30/04,6300m),C3(01/05,7000m),C4(22/05,8000m),Smt(23/05)"
2006,S Col-SE Ridge,8850,"BC(10/04,5397m),C1(24/04,6200m),C2(25/04,6600m),C3(04/05,7200m),C4(18/05,7925m),Smt(19/05)"
2006,S Col-SE Ridge,8850,"BC(06/04,5300m),C1(15/04,6000m),C2(16/04,6300m),C3(19/05,7300m),C4(22/05,8000m),Smt(23/05)"
2006,S Col-SE Ridge,8850,"BC(10/04,5300m),C1(24/04,6000m),C2(26/04,6300m),C3(06/05,7300m),C4(22/05,8000m),Smt(23/05)"
2006,S Col-SE Ridge,8850,"BC(12/04),C1(23/04,6100m),C2(25/04,6400m),C3(06/05,7100m),C4(22/05,7900m),Smt(24/05)"
2006,S Col-SE Ridge,8850,"BC(08/04),C1(20/04,6000m),C2(22/04,6400m),C3(02/05,7200m),C4(18/05,7900m),Smt(20/05)"
2006,S Col-SE Ridge,8850,"BC(06/04,5200m),C1(11/04,6000m),C2(19/04,6250m),C3(25/04,7000m),C4(16/04,7950m),Smt(17/05)"
2006,S Col-SE Ridge,8850,"BC(12/04,5350m),C1(21/04,6100m),C2(28/04,6300m),C3(05/05,7380m),C4(17/05,7900m),Smt(18/05)"
2006,S Col-SE Ridge,8850,"BC(13/04,5350m),C1(22/04,6000m),C2(29/04,6350m),C3(03/05,7200m),C4(17/05,7900m),Smt(18,21,24/05)"
2006,S Col-SE Ridge,8850,"BC(16/04,5645m),C1(21/04,6195m),C2(24/04,6665m),C3(02/05,7150m),Smt(19/05)"
2006,S Col-SE Ridge,8850,"BC(03/04,5340m),C1(13/04,6000m),C2(16/04,6550m),C3(03/05,7300m),C4(10/05,7927m),Smt(18-20,23-24/05)"
2006,S Col-SE Ridge,8850,"BC(04/04,5349m),C1(15/04,6000m),C2(16/04,6550m),C3(18/05,7300m),C4(20/05,7950m),Smt(21/05)"
2006,S Col-SE Ridge,8850,"BC(09/04,5350m),C1(18/04,6000m),C2(20/04,6400m),C3(04/05,7400m),C4(7900m,??/05),Smt(19/05)"
2006,S Col-SE Ridge,8850,"BC(07/04,5300m),C1(16/04,6000m),C2(29/04,6300m),C3(03/05,7000m),C4(12/05,8000m),Smt(23/05)"
2006,S Col-SE Ridge,8850,"BC(14/04,5400m),C1(17/04,6100m),C2(25/04,6400m),C3(28/04,7150m),C4(17/05,7950m),Smt(18/05)"
2006,S Col-SE Ridge,8850,"BC(05/04,5400m),C1(23/04,6100m),C2(24/04,6400m),C3(04/05,7200m),C4(17/05,8000m),Smt(18/05)"
2006,S Col-SE Ridge,8850,"BC(13/04,5300m),C1(23/04,6100m),C2(29/04,6400m),C3(03/05,7100m),C4(17/05,7900m),Smt(18/05)"
2006,S Col-SE Ridge,8850,"BC(17/04,5340m),C1(26/04,6000m),C2(27/04,6300m),C3(09/05,7115m),C4(16/05,7900m),Smt(17-18/05)"
2006,S Col-SE Ridge,8850,"BC(03/04,5300m),C1(13/04,6100m),C2(23/04,6400m),C3(05/05,7000m),C4(18/05,7900m),Smt(19/05)"
2006,S Col-SE Ridge,8850,"BC(09/04,5360m),C1(15/04,6100m),C2(21/04,6400m),C3(28/04,7200m),C4(22/05,7950m),Smt(24/05)"
2006,S Col-SE Ridge,8850,"BC(04/04,5349m),C1(13/04,6000m),C2(24/04,6300m),C3(01/05,7200m),C4(12/05,7950m),Smt(17,19/05)"
2006,S Col-SE Ridge,8850,"BC(10/04,5300m),C1(15/04,6000m),C2(16/04,6300m),C3(25/04,7300m),C4(15/05,8000m),Smt(17/18,05)"
2006,S Col-SE Ridge,8850,"BC(14/04,5300m),C1(21/04,6000m),C2(01/05,6300m),C3(18/05,7000m),C4(19/05,7900m),Smt(20,24/05)"
2006,S Col-SE Ridge,8850,"Sherpas-BC(24/08),Mbrs-BC(09/09),C1(17/09,6000m),C2(01/10,6425m),C3(06/10,7315m),C4(17/10,7800m),Smt(18/10)"
2007,S Col-SE Ridge,8850,See route note descriptions for individual teams
2007,S Col-SE Ridge,8850,"BC(10/04,5364m),C1(14/04,6400m),C2(15/04,6700m),C3(09/05,7193m),C4(10/05,7925m),Smt(17/05)"
2007,S Col-SE Ridge,8850,"BC(11/04,5300m),C1(20/04,6000m),C2(25/04,6400m),C3(30/04,7100m),C4(15/05,8000m),Smt(16/05)"
2007,S Col-SE Ridge,8850,"BC(19/04,5300m),C1(21/04,6100m),C2(23/04,6500m),C3(02/05,7150m),C4(17/05,7920m),Smt(18/05)"
2007,S Col-SE Ridge,8850,"BC(21/04,5300m),C1(29/04,6000m),C2(09/05,6400m),C3(10/05,7130m),C4(20/05,7900m),Smt(21/05)"
2007,S Col-SE Ridge,8850,"BC(15/04,5200m),C1(20/04,6000m),C2(21/04,6500m),C3(30/04,7200m),C4(20/05,8000m),Smt(21/05)"
2007,S Col-SE Ridge,8850,"BC(28/04),C2(03/05,6400m),C4(15/05,7900m),Smt(16/05)"
2007,S Col-SE Ridge,8850,"BC(09/04,5400m),C1(12/04,5800m),C2(18/04,6300m),C3(02/05,7000m),C4(15/05,7900m),Smt(16/05)"
2007,S Col-SE Ridge,8850,"BC(10/04,5350m),C1(20/04,6500m),C2(08/05,7200m),C3(10/05,7900m),Smt(17/05)"
2007,S Col-SE Ridge,8850,"BC(08/04,5350m),C1(16/04,6100m),C2(24/04,6400m),C3(05/05,7150m),C4(21/05,7900m),Smt(22/05)"
2007,S Col-SE Ridge,8850,"BC(07/04,5300m),C1(15/04,5900m),C2(21/04,6500m),C3(14/05,7300m),C4(16/05,7900m),Smt(18/05)"
2007,S Col-SE Ridge,8850,"BC(13/05,5700m),C2(15/05,6300m),C3(18/05,7000m),C4(20/05,7900m),Smt(23/05)"
2007,S Col-SE Ridge,8850,"BC(06/04,5350m),C1(14/04,6100m),C2(24/04,6400m),C3(15/05,7300m),C4(16/05,7900m),Smt(17/05)"
2007,S Col-SE Ridge,8850,"BC(09,10/04),C1(16/04,6100m),C2(18/04,6400m),C3(01/05,7400m),C4(19/05,7900m),Smt(20-21/05)"
2007,S Col-SE Ridge,8850,"BC(12/04),C1(19/04,6900m),C2(21/04,6500m),C3(02/05,7200m),C4(20/05,7900m),Smt(22/05)"
2007,S Col-SE Ridge,8850,"BC(05/04),C1-Sherpas(10/04,6100m),C1-Members(17/04,6400m),C2(21/04,6400m),C3(28/04,7100m),C4(20/05,7900m),Smt(23-24/05)"
2007,S Col-SE Ridge,8850,"BC(07/04,5350m),C1(14/04,6100m),C2(19/04,6400m),C3(28/04,7200m),C4(15/05,7900m),Smt(16,24/05)"
2007,S Col-SE Ridge,8850,"BC(04/03,5350m),C1(18/04,6035m),C2(22/04,6500m),C3(02/05,7300m),C4(10/05,7900m),Smt(19-22/05)"
2007,S Col-SE Ridge,8850,"BC(06/04,5300m),C1(12/04,6050m),C2(13/04,6400m),C3(16/05,7100m),C4(19/05,8000m),Smt(21/05)"
2007,S Col-SE Ridge,8850,"BC(12/04,5200m),C1(17/04,6000m),C2(25/04,6400m),C3(04/05,7100m),C4(16/04,8000m),Smt(18/05)"
2007,S Col-SE Ridge,8850,"BC(14/04,5200m),C1(19/04,6100m),C2(24/04,6400m),C3(19/05,7200m),C4(20/05,8000m),Smt(21/05)"
2007,S Col-SE Ridge,8850,"BC(15/04,5350m),C2(20/04,6400m),C3(20/05,7100m),C4(21/05,7900m),Smt(22/05)"
2007,S Col-SE Ridge,8850,"BC(23/04,5300m),C1(01/05,6400m),C2(15/05,6750m),C3(19/05,7100m),C4(7900m,20/05),Smt(21/05)"
2007,S Col-SE Ridge,8850,"BC(30/04,5300m),C2(05/05,6500m),C3(06/05,7500m),C4(20/05,7900m),Smt(21/05)"
2007,S Col-SE Ridge,8850,"BC(12/04,5300m),C1(20/04,6000m),C2(21/04,6350m),C3(01/05,7050m),C4(16/05,8000m),Smt(17,24/05)"
2007,S Col-SE Ridge,8850,"BC(12/04,5200m),C1(20/04,6000m),C2(25/04,6000m),C3(27/04,7000m),C4(16/05,7900m),Smt(17,24/05)"
2007,S Col-SE Ridge,8850,"BC(12/04),C1(20/04,6000m),C2(26/04,6400m),C3(27/04,7100m),C4(16/05,7900m),Smt(17/05)"
2008,S Col-SE Ridge,8850,"Smt(22,24-26/05)"
2008,S Col-SE Ridge,8850,"BC(20/04,5350m),C1(25/04,5950m),C2(27/04,6450m),C3(11/05,4950m),C4(20/05,7900m),Smt(21/05)"
2008,S Col-SE Ridge,8850,"BC(13/08,5350m),C1(18/04,6050m),C2(14/04,6400m),C3(11/05,7170m),C4(20/05,7900m),Smt(21/05)"
2008,S Col-SE Ridge,8850,"BC(07/04),C1(17/04,5974m),C2(23/04,6339m),C3(12/05,7315m),C4(21/05,7900m),Smt(23/05)"
2008,S Col-SE Ridge,8850,"BC(17/04,5350m),C1(21/04,5900m),C2(26/04,6400m),C3(11/05,7100m),C4(20/05,7900m),Smt(21/05)"
2008,S Col-SE Ridge,8850,"BC(17/04,5350m),C1(21/04,5900m),C2(25/04,6400m),C3(14/05,7200m),C4(20/05,7900m),Smt(21/05)"
2008,S Col-SE Ridge,8850,"BC(13/04,5350m),C1(21/04,5900m),C2(25/04,6400m),C3(14/05,7200m),C4(20/05,7900m),Smt(21/05)"
2008,S Col-SE Ridge,8850,"BC(06/04,5356m),C1(16/04,5900m),C2(20/04,6400m),C3(11/05,7200m),C4(21/05,7900m),Smt(22/05)"
2008,S Col-SE Ridge,8850,"BC(08/04,5350m),C1(21/04,5900m),C2(25/04,6400m),C3(14/05,7200m),C4(20/05,7900m),Smt(21/05)"
2008,S Col-SE Ridge,8850,"BC(06/04,5350m),C1(13/04,6060m),C2(27/04,6410m),C3(11/05,7140m),C4(22/05,7900m),Smt(23/05)"
2008,S Col-SE Ridge,8850,"BC(09/04,5350m),C1(20/04,6000m),C2(27/04,6400m),C3(20/05,7300m),C4(21/05,7950m),Smt(22,24/05)"
2008,S Col-SE Ridge,8850,"BC(14/04),C1(20/04,6000m),C2(27/04,6400m),C3(22/05,7300m),C4(23/05,7950m),Smt(24/05)"
2008,S Col-SE Ridge,8850,"BC(07/04,5360m),C1(19/04,6050m),C2(25/04,6430m),C3(11/05,7300m),C4(20/05,8000m),Smt(21/05)"
2008,S Col-SE Ridge,8850,"BC(22/04,5300m),C1(28/04,6000m),C2(01/05,6500m),C3(12/05,7250m),C4(26/05,8000m),Smt(27/05)"
2008,S Col-SE Ridge,8850,"BC(19/04,5350m),C1(27/04,6000m),C2(28/04,6400m),C3(25/05,7300m),C4(26/05,7900m),Smt(27/05)"
2008,S Col-SE Ridge,8850,"BC(01/04,5350m),C1(15/04,6000m),C2(28/04,6450m),C3(19/05,7300m),C4(20/05,7950m),Smt(21/05)"
2008,S Col-SE Ridge,8850,"BC(19/04,5350m),C1(25/04,6060m),C2(27/04,6400m),C3(18/05,7150m),C4(20/05,7900m),Smt(20-21/05)"
2008,S Col-SE Ridge,8850,"BC(12/04,5300m),C1(19/04,5900m),C2(25/04,6200m),C3(12/05,7200m),C4(21/05,8000m),Smt(22/05)"
2008,S Col-SE Ridge,8850,"BC(13/04,5300m),C1(19/04,6100m),C2(02/05,6400m),C3(11/05,7200m),C4(20/05,8000m),Smt(20-21/05)"
2008,S Col-SE Ridge,8850,"BC(12/04,5334m),C1(23/04,6100m),C2(25/04,6400m),C3(20/05,7400m),C4(21/05,8000m),Smt(22/05)"
2008,S Col-SE Ridge,8850,"BC(17/04,5275m),C1(19/04,6000m),C2(23/04,6380m),C3(11/05,7100m),C4(21/05,8000m),Smt(22/05)"
2008,S Col-SE Ridge,8850,"BC(01/05,5350m),C2(21/05,6450m),C3(22/05,7250m),C4(23/05,7900m),Smt(24/05)"
2008,S Col-SE Ridge,8850,"BC(08/04,5334m),C1(15/04,5944m),C2(21/04,6400m),C3(16/05,7010m),C4(24/05,7925m),Smt(25/05)"
2008,S Col-SE Ridge,8850,"BC(05/04,5364m),C1(22/04,5943m),C2(28/04,6492m),C3(11/05,7400m),C4(20/05,8000m),Smt(21/05)"
2008,S Col-SE Ridge,8850,"BC(09/04,5350m),C1(18/04,6000m),C2(26/04,6400m),C3(30/04,7300m),C4(20/05,7900m),Smt(21-22/05)"
2008,S Col-SE Ridge,8850,"BC(25/04,5325m),C1(04/05,6200m),C2(11/05,6400m),C3(20/05,7300m),C4(21/05,7945m),Smt(22,24-25/05)"
2008,S Col-SE Ridge,8850,"BC(10/04,5300m),C1(15/04,6200m),C2(16/04,7300m),C3(19/05,7800m),C4(20/05,8000m),Smt(21/05)"
2008,S Col-SE Ridge,8850,"BC(14/04,5400m),C1(18/04,5900m),C2(22/04,6400m),C3(11/05,7200m),C4(21/05,8000m),Smt(22/05)"
2008,S Col-SE Ridge,8850,"BC(08-09/04,5350m),C1(18/04,6000m),C2(26/04,6400m),C3(19/05,7260m),C4(20/05,7950m),Smt(21,24/05)"
2008,S Col-SE Ridge,8850,"BC(10-11/04,5350m),C1(16/04,6000m),C2(18/04,6400m),C3(11/05,7200m),C4(23/05,7950m),Smt(24/05)"
2008,S Col-SE Ridge,8850,"BC(07/04),C1(19/04,6065m),C2(20/04,6462m),C3(11/05,7269m),C4(20/05,7900m),Smt(21-24,27/05)"
2008,S Col-SE Ridge,8850,"BC(19-20/04,5350m),C2(22/05,6400m),C4(23/05,7950m),Smt(24/05)"
2008,S Col-SE Ridge,8850,"BC(12/04,5300m),C1(19/04,6100m),C2(25/04,6400m),C3(16/05,7200m),C4(20/05,8000m),Smt(21-22/05)"
2008,S Col-SE Ridge,8850,"BC(06/04,5350m),C1(18/04,6060m),C2(29/04,6400m),C3(09/05,7300m),C4(23/05,7900m),Smt(25/05)"
2008,S Col-SE Ridge,8850,"BC(25/04,5350m),C1(27/04,5900m),C2(29/04,6400m),C3(22/05,7200m),C4(24/05,7900m),Smt(25/05)"
2008,S Col-SE Ridge,8850,"BC(07/04,5350m),C1(21/04,6000m),C2(01/05,6400m),C3(11/05,7200m),C4(20/05,7900m),Smt(21/05)"
2008,S Col-SE Ridge,8850,"BC(12/04,5350m),C1(18/04,6025m),C2(24/04,6400m),C3(12/05,7100m),C4(22/05,7900m),Smt(23/05)"
2008,S Col-SE Ridge,8850,"BC(25/04),C1(29/04,6000m),C2(05/05,6300m),C3(23/05,7300m),C4(24/05,7900m),C5(25/05,8300m),Smt(26/05)"
2008,S Col-SE Ridge,8850,"BC(11/04,5200m),C1(19/04,5800m),C2(24/04,6400m),C3(11/05,7300m),C4(20/05,8000m),Smt(21/05)"
2008,S Col-SE Ridge,8850,"BC(19/04,5364m),C1(28/04,5900m),C2(29/04,6500m),C3(12/05,7300m),C4(21/05,8000m),Smt(22/05)"
2008,S Col-SE Ridge,8850,"BC(12/04,5300m),C1(22/04,6100m),C2(24/04,6400m),C3(12/05,7400m),C4(22/05,8000m),Smt(24/05)"
2008,S Col-SE Ridge,8850,"BC(15/04,5350m),C1(21/04,6060m),C2(24/04,6400m),C3(14/05,7300m),C4(21/05,7900m),Smt(22/05)"
2008,S Col-SE Ridge,8850,"BC(08/04,5350m),C1(14/04,5950m),C2(19/04,6300m),C3(12/05,7300m),C4(20/05,7900m),Smt(21,23,26-28/05)"
2008,S Col-SE Ridge,8850,"BC(13/04,5350m),C1(21/04,6060m),C2(27/04,6400m),C3(13/05,7400m),C4(21/05,7900m),Smt(22/05)"
2008,S Col-SE Ridge,8850,"BC(11/04,5400m),C1(20/04,6000m),C2(24/04,6400m),C3(13/05,7300m),C4(22/05,8000m),Smt(23/05)"
2008,S Col-SE Ridge,8850,"BC(15/04,5340m),C1(18/04,6100m),C2(25/04,6500m),C3(11/05,7500m),C4(21/05,8000m),Smt(22,25/05)"
2008,S Col-SE Ridge,8850,"BC(11/04,5400m),C1(20/04,6000m),C2(24/04,6400m),C3(13/05,7300m),C4(22/05,8000m),Smt(23/05)"
2008,S Col-SE Ridge,8850,"BC(01/05,5200m),C1(07/05,6000m),C2(08/05,6400m),C3(11/05,7300m),C4(23/05,8000m),Smt(25/05)"
2009,S Col-SE Ridge,8850,"Smt(21,23/05)"
2009,S Col-SE Ridge,8850,"BC(15/04,5350m),C1(26/04,5790m),C2(04/05,6706m),C3(06/05,7315m),C4(20/05,7900m),Smt(21/05)"
2009,S Col-SE Ridge,8850,"BC(03/04,5300m),C2(17/04,6400m),C3(19/05,7200m),C4(20/05,7950m),Smt(21/05)"
2009,S Col-SE Ridge,8850,"BC(30/04,5350m),C1(02/05,6100m),C2(06/05,6500m),C3(19/05,7100m),C4(20/05,7900m),Smt(21/05)"
2009,S Col-SE Ridge,8850,"BC(08/04,5350m),C1(13/04,5900m),C2(23/04,6500m),C3(18/05,7200m),C4(19/05,7900m),Smt(20/05)"
2009,S Col-SE Ridge,8850,"BC(17/04,5350m),C1(01/05,5900m),C2(04/05,6200m),C3(17/05,7100m),C4(18/05,7900m),Smt(19/05)"
2009,S Col-SE Ridge,8850,"BC(08/04,5400m),C1(19/04,5900m),C2(21/04,6400m),C3(04/05,7100m),C4(20/05,7900m),Smt(22/05)"
2009,S Col-SE Ridge,8850,"BC(07/04,5350m),C1(16/04,6000m),C2(24/04,6375m),C3(29/04,7150m),C4(18/05,7950m),Smt(19/05)"
2009,S Col-SE Ridge,8850,"BC.Ldr(01/04,5350m),BC.Mbrs(08/04,5350m),C1(14/04,6000m),C2(22/04,6400m),C3(16/05,7150m),C4(17/05,7950m),Smt(19,21/05)"
2009,S Col-SE Ridge,8850,"BC(05/04,5350m),C1(17/04,6000m),C2(21/04,6400m),C3(25/04,7200m),C4(20/05,7900m),Smt(21/05)"
2009,S Col-SE Ridge,8850,"BC(14/04,5350m),C1(20/04,5900m),C2(27/04,6400m),C3(13/05,7200m),C4(18/05,7900m),Smt(19/05)"
2009,S Col-SE Ridge,8850,"BC(18/04,5400m),C1(25/04,5900m),C2(27/04,6400m),C3(18/05,7200m),C4(19/05,7900m),Smt(20/05)"
2009,S Col-SE Ridge,8850,"BC(13/04),C1(21/04,5900m),C2(27/04,6450m),C3(17/05,7150m),C4(18/05,7400m),Smt(18/05)"
2009,S Col-SE Ridge,8850,"BC(14/04),C1(21/04,6050m),C2(25/04,6400m),C3(02/05,7200m),C4(19/05),Smt(20/05,7900m)"
2009,S Col-SE Ridge,8850,"BC(03/05,5200m),C2(05/05,6500m),C4(18/05,7950m),Smt(19/05)"
2009,S Col-SE Ridge,8850,"BC(12/04),C1(17/04,6100m),C2(18/04,6400m),C3(21/04,7100m),C4(18/05,7400m),Smt(20/05)"
2009,S Col-SE Ridge,8850,"BC(06/04),C1(15/04,6100m),C2(19/04,6400m),C3(29/04,7100m),C4(19/05,7900m),Smt(20/05)"
2009,S Col-SE Ridge,8850,"BC(10/04,5350m),C1(20/04,6100m),C2(04/04,6500m),C3(02/05,7350m),C4(18/05,7950m),Smt(19/05)"
2009,S Col-SE Ridge,8850,"BC(08/04,5334m),C1(16/04,6035m),C2(23/04,6400m),C3(30/04,7400m),C4(18/05,7900m),Smt(19/05)"
2009,S Col-SE Ridge,8850,"BC(12/04,5350m),C1(15/04,6000m),C2(19/04,6450m),C3(27/04,7200m),C4(19/05,7900m),Smt(20/05)"
2009,S Col-SE Ridge,8850,"BC(15,18/04,5350m),C1(19-20/04,6050m),C2(26/04,6400m),C3(28/04,7300m),C4(18-19/05,7900m),Smt(19-20/05)"
2009,S Col-SE Ridge,8850,"BC(09/04,5350m),C1(15/04,6000m),C2(23/04,6500m),C3(01/05,7240m),C4(17/05,7900m),Smt(19,23/05)"
2009,S Col-SE Ridge,8850,"BC(28/04,5300m),C1(02,03/05,5800m),C2(06/05,6300m),C3(18/05,7200m),C4(19/05,7950m),Smt(20/05)"
2009,S Col-SE Ridge,8850,"BC(07/04,5250m),C1(14/04,5950m),C2(20/04,6300m),C3(30/04,7150m),C4(18/05,7900m),Smt(19,21/05)"
2009,S Col-SE Ridge,8850,"BC(05/04),C1(12/04,6000m),C2(14/04,6500m),C3(25/04,7395m),C4(10/05,7900m),Smt(05/20-22)"
2009,S Col-SE Ridge,8850,"BC(05/05,5350m),C1(15/04,6100m),C2(17/04,6400m),C3(29/04,7400m),C4(19/05,7600m),Smt(20,22/05)"
2009,S Col-SE Ridge,8850,"BC(12/04,5350m),C1(20/04,6100m),C2(25/04,6400m),C3(03,16/05,7200m),C4(17/05,7900m),Smt(20/05)"
2009,S Col-SE Ridge,8850,"BC(11/04,5350m),C1(20/04,6000m),C2(22/04,6500m),C3(29/04,7300m),C4(18/05,7900m),Smt(19-20/05)"
2009,S Col-SE Ridge,8850,"BC(15/04,5400m),C1(20/04,6000m),C2(26/04,6400m),C3(02/05,7000m),C4(19/05,7900m),Smt(20-21/05)"
2009,S Col-SE Ridge,8850,"BC(15/04,5350m),C1(23/04,6035m),C2(25/04,6500m),C3(04/05,7300m),C4(21/05,7400m),Smt(23/05)"
2009,S Col-SE Ridge,8850,"BC(19/04),C1(28/04,6050m),C2(05/05,6400m),C3(19/05,7200m),C4(20/05,7900m),Smt(21/05)"
2009,S Col-SE Ridge,8850,"BC(13/04,5300m),C2(6400m),C4(18/05,7900m),Smt(19/05)"
2009,S Col-SE Ridge,8850,"BC(07/04,5700m),C1(29/04,6057m),C2(151/04,6493m),C3(02/05,7249m),C4(04/05,7000m),Smt(05/21-23)"
2009,S Col-SE Ridge,8850,"BC(14/04,5350m),C1(19/04,6000m),C2(24/04,6300m),C3(09/05,7200m),C4(19/05,7950m),Smt(21/05)"
2009,S Col-SE Ridge,8850,"BC(18/04,5400m),C2(25/04,6400m),C3(17/05,7200m),C4(18/05,9750m),Smt(19/05)"
2009,S Col-SE Ridge,8850,"BC(20/04,5120m),C1(28/04,6000m),C2(29/04,6400m),C3(17/05,7000m),C4(18/05,7920m),Smt(19/05)"
2009,S Col-SE Ridge,8850,"BC(30/03,5400m),C1(18/04,6200m),C2(26/04,6500m),C3(30/04,7225m),C4(17/05,7950m),Smt(19/05)"
2009,S Col-SE Ridge,8850,"C3(19/05,7200m),C4(20/05,7900m),Smt(21/05)"
2010,S Col-SE Ridge,8850,"Smt(17,22/05)"
2010,S Col-SE Ridge,8850,"BC(19/04,5300m),C1(20/04,5800m),C2(22/04,6500m),C3(14/05,7250m),C4(15/05,7900m),Smt(19/05)"
2010,S Col-SE Ridge,8850,"BC(10/04,5350m),C1(16/04,6100m),C2(23/04,6400m),C3(28/04,7100m),C4(16/05,8000m),Smt(17/05)"
2010,S Col-SE Ridge,8850,"BC(13/04,5360m),C1(19/04,6300m),C2(20/04,6450m),C3(4/05,7200m),C4(22/05,7900m),Smt(23/05)"
2010,S Col-SE Ridge,8850,"BC(08/04,5400m),C1(19/04,6100m),C2(20/04,6400m),C3(23/04,7200m),C4(15/05,7980m),Smt(17/05)"
2010,S Col-SE Ridge,8850,"BC(19/04,5350m),C2(01/05,6400m),C3(21/05,7100m),C4(22/05,8000m),Smt(23/05)"
2010,S Col-SE Ridge,8850,"BC(17/04,5350m),C1(22/04,6100m),C2(23/04,6500m),C3(28/04,7200m),C4(17/05,7900m),Smt(17/05)"
2010,S Col-SE Ridge,8850,"BC(11/04,5350m),C1(15/04,6100m),C2(22/04,6400m),C3(24/04,7100m),C4(16/05,8000m),Smt(17/05)"
2010,S Col-SE Ridge,8850,"BC(07/04,5350m),C2(17/04,6400m),C4(06/05,8000m),Smt(07/05)"
2010,S Col-SE Ridge,8850,"BC(24/04,5300m),C2(20/05,6600m),C4(21/05,8000m),Smt(22-23/05)"
2010,S Col-SE Ridge,8850,"BC(06/04,5350m),C2(14/04,6400m),C3(10/05,7100m),C4(22/05,8000m),Smt(23/05)"
2010,S Col-SE Ridge,8850,"BC(04/04,5350m),C1(16/04,5900m),C2(20/04,6500m),C3(22/04,7200m),C4(16/05,7950m),Smt(17/05)"
2010,S Col-SE Ridge,8850,"BC(23/04,5800m),C1(29/04,6100m),C2(04/05,6400m),C3(11/05,7100m),C4(22/05,7950m),Smt(23/05)"
2010,S Col-SE Ridge,8850,"BC(11/04,5350m),C1(18/04,6100m),C2(25/04,6500m),C3(21/05,7180m),C4(22/05,7900m),Smt(23/05)"
2010,S Col-SE Ridge,8850,"BC(14/04,5200m),C1(17/04,6100m),C2(26/04,6400m),C3(28/04,7200m),C4(15/05,7900m),Smt(17/05)"
2010,S Col-SE Ridge,8850,"BC(12/04,5350m),C1(23/04,6000m),C2(24/04,6400m),C3(28/04,7000m),C4(15/05,7900m),Smt(17/05)"
2010,S Col-SE Ridge,8850,"BC(23/04,5350m),C2(26/04,6400m),C4(22/05,8000m),Smt(23/05)"
2010,S Col-SE Ridge,8850,"BC(09/04,5350m),C1(16/04,6100m),C2(22/04,6400m),C3(22/05,7100m),C4(23/05,8000m),Smt(25/05)"
2010,S Col-SE Ridge,8850,"BC(05/04,5350m),C1(17/04,6100m),C2(21/04,6400m),C3(30/04,7100m),C4(21/05,8000m),Smt(22/05)"
2010,S Col-SE Ridge,8850,"BC(12/04,5300m),C1(20/04,6100m),C2(01/05,6450m),C3(03/05,7100m),C4(15/05,7950m),Smt(17/05)"
2010,S Col-SE Ridge,8850,"BC(14/04,5300m),C1(21/04,6000m),C2(27/04,6400m),C3(29/04,7300m),C4(15/05,7950m),Smt(17/05)"
2010,S Col-SE Ridge,8850,"BC(10/04,5350m),C1(25/04,6050m),C2(26/04,6500m),C3(14/05,7200m),C4(15/05,7900m),Smt(17/05)"
2010,S Col-SE Ridge,8850,"BC(09/04,5350m),C1(20/04,6100m),C2(21/04,6400m),C3(03/05,7200m),C4(22/05,8000m),Smt(23/05)"
2010,S Col-SE Ridge,8850,"BC(29/04),C1(05/05,6100m),C2(06/05,6700m),C3(20/05,7300m),C4(21/05,7900m),Smt(22/05)"
2010,S Col-SE Ridge,8850,"BC(10/04,5350m),C1(19/04,6100m),C2(21/04,6500m),C3(01/05,7300m),C4(21/05,7900m),Smt(22/05)"
2010,S Col-SE Ridge,8850,"BC(12/04,5350m),C1(19/04,6100m),C2(25/04,6400m),C3(07/05,7100m),C4(21/05,8000m),Smt(22/05)"
2010,S Col-SE Ridge,8850,"BC.Ldr(24/03,5350m),BC(08/04,5350m,C1(15/04,6000m),C2(16/04,6400m),C3(24/04,7150m),C4(22/05,7950m),Smt(23/05)"
2010,S Col-SE Ridge,8850,"BC(09/04,5350m),C1(14/04,6100m),C2(15/04,6500m),C3(26/04,7150m),C4(15/05,7950m),Smt(17/5)"
2010,S Col-SE Ridge,8850,"BC(21/04,5300m),C1(28/04,6100m),C2(29/04,6400m),C3(13/05,7200m),C4(14/05,7900m),Smt(17/05)"
2010,S Col-SE Ridge,8850,"BC(14/04,5300m),C1(20/04,6000m),C2(26/04,6400m),C3(15/05,7300m),C4(16/05,8000m),Smt(17/05)"
2010,S Col-SE Ridge,8850,"BC(10/04,5350m),C1(17/04,6100m),C2(22/04,6400m),C3(15/05,7100m),C4(16/05,8000m),Smt(17/05)"
2010,S Col-SE Ridge,8850,"BC(14/04,5350m),C1(20/04,6100m),C2(26/04,6400m),C3(28/04,7100m),C4(16/05,8000m),Smt(17,23/05)"
2010,S Col-SE Ridge,8850,"BC(29/04,5400m),C1(03/05,6100m),C2(04/05,6500m),C3(15/05,7300m),C4(16/05,7950m),Smt(23/05)"
2010,S Col-SE Ridge,8850,"BC(14/04,5350m),C1(17/04,6050m),C2(22/04,6350m),C3(15/05,7300m),C4(16/05,7950m),Smt(17/05)"
2010,S Col-SE Ridge,8850,"BC(08/04,5350m),C1(21/04,6000m),C2(21/04,6500m),C3(29/04,7300m),C4(15/05,7900m),Smt(17,23/05)"
2010,S Col-SE Ridge,8850,"BC(08/04,5350m),C1(21/04,6000m),C2(24/04,6400m),C3(15/05,7150m),C4(16/05,7950m),Smt(7,17,23/05)"
2010,S Col-SE Ridge,8850,"BC(19/04,5350m),C1(23/04,6100m),C2(25/04,6400m),C3(21/05,7100m),C4(22/05,8000m),Smt(23/05)"
2010,S Col-SE Ridge,8850,"BC(27/04,5300m),C1(08/05,6100m),C2(09/05,6400m),xxx(09/05,6400m),Smt(17/05)"
2010,S Col-SE Ridge,8850,"BC(07/04,5550m),C2(13/04,6350m),C3(26/04,7250m),C4(15/05,7900m),Smt(22/05)"
2010,S Col-SE Ridge,8850,"BC(14/04,5300m),C2(10/04,6300m),C3(20/05,7100m),C4(21/05,7900m),Smt(23/05)"
2010,S Col-SE Ridge,8850,"BC(14/04,5350m),C1(19/04,5800m),C2(21/04,6700m),C3(30/04,7300m),C4.Shrpas(04/05,7900m),C4.Mbrs(12/05,7900m),Smt(05,24/05)"
2010,S Col-SE Ridge,8850,"BC(09/04,5250m),C1(29/04,6057m),C2(29/04,6453m),C3(03/05,7249m),C4(04/05,7900m),Smt(05,22/05)"
2010,S Col-SE Ridge,8850,"BC(11/04,5350m),C1(20/04,5950m),C2(22/04,6500m),C3(03/05,7300m),C4(22/05,7900m),Smt(05,23-24/05)"
2010,S Col-SE Ridge,8850,"BC(07/04,5426m),C1(14/04,6035m),C2(22/04,6492m),C3(30/04,7315m),C4(23/05,7950m),Smt(25/05)"
2010,S Col-SE Ridge,8850,"BC(12/09,5350m),C1(18/09,6070m),C2(27/09,6450m),C3(29/09,7140m),C4(14/10,7900m),Smt(15/10)"
2011,S Col-SE Ridge,8850,"Smt(06-07,11,13,19-20/05)"
2011,S Col-SE Ridge,8850,"BC(19/04,5350m),C2(24/04,6400m),C3(04/05,7200m),C4(05/05,7900m),Smt(06/05)"
2011,S Col-SE Ridge,8850,"BC(28/04,5350m),C1(03/05,6000m),C2(04/05,6300m),C3(24/05,7000m),C4(25/05,7900m),Smt(26/05)"
2011,S Col-SE Ridge,8850,"BC(22/04,5350m),C2(28/04,6400m),C3(07/05,7300m),C4(20/05,8000m),Smt(21/05)"
2011,S Col-SE Ridge,8850,"BC(14/04,5350m),C1(17/04,5800m),C2(23/04,6400m),C4(07/05,7990m),Smt(09/05)"
2011,S Col-SE Ridge,8850,"BC(13/04,5350m),C1(21/04,5900m),C2(23/04,6400m),C3(04/05,7300m),C4(25/05,8000m),Smt(27/05)"
2011,S Col-SE Ridge,8850,"BC(07/04,5345m),C1(23/04,6055m),C2(24/04,6500m),C3(03/05,7200m),C3(18/05,8000m),Smt(19/05)"
2011,S Col-SE Ridge,8850,"BC(16/04,5350m),C1(21/04,6100m),C2(28/04,6500m),C3(01/05,7200m),C4(11/05,7900m),Smt(12/05)"
2011,S Col-SE Ridge,8850,"BC(09/04,5350m),C1(18/04,6000m),C2(19/04,7250m),C3(10/05,7250m),C4(11/05,7950m),Smt(12/05)"
2011,S Col-SE Ridge,8850,"BC(09/04,5300m),C1(23/04,6060m),C2(27/04,6442m),C3(13/05,7109m),C4(19/05,7900m),Smt(20/05)"
2011,S Col-SE Ridge,8850,"BC(02/05,5400m),C1(06/05,6000m),C2(07/05,6600m),C3(17/05,7500m),C4(18/05,8000m),Smt(19/05)"
2011,S Col-SE Ridge,8850,"BC(11/04,5350m),C2(18/04,6300m),C4(11/05,7950m),Smt(12/05)"
2011,S Col-SE Ridge,8850,"BC(06/04,5350m),C1(21/04,6065m),C2(29/04,6400m),C4(20/05,7900m),Smt(21/05)"
2011,S Col-SE Ridge,8850,"BC(10/04,5300m),C1(18/04,6100m),C2(22/04,6300m),C3(11/05,7300m),C4(12/05,7400m),Smt(13/05)"
2011,S Col-SE Ridge,8850,"BC(08/04,5250m),C1(19/04,6100m),C2(24/04,6400m),C3(03/05,7200m),C4(15/05,7900m),Smt(16,25/05)"
2011,S Col-SE Ridge,8850,"BC(08/04,5350m),C1(17/04,6050m),C2(23/04,6300m),C3(28/04,7100m),C4(11/05,7900m),Smt(12/05)"
2011,S Col-SE Ridge,8850,"BC(16/04,5400m),C1(22/04,6100m),C2(24/04,6400m),C3(10/05,7300m),C4(11/05,7900m),Smt(12,19/05)"
2011,S Col-SE Ridge,8850,"BC(16/04,5300m),C1(22/04,6100m),C2(24/04,6400m),C3(07/05,7300m),C4(11/05,7900m),Smt(12,21/05)"
2011,S Col-SE Ridge,8850,"BC(15,19/04,5200m),C1(28/04,6100m),C2(19/04,6400m),C3(02/05,7300m),C4(19/05,7900m),Smt(05,20/05)"
2011,S Col-SE Ridge,8850,"BC(14/04,5350m),C1(21/04,6000m),C2(23/04,6400m),C3(17/05,7400m),C4(18/05,7900m),Smt(20/05)"
2011,S Col-SE Ridge,8850,"BC(11/04,5350m),C1(20/04,5900m),C2(22/04,6550m),C3(01/05,7300m),C4(12/05),Smt(05,13-14,21/05)"
2011,S Col-SE Ridge,8850,"BC(12/04,5350m),C1(30/04,6100m),C2(01/05,6400m),C3(03/05,7200m),C4(19/05,7900m),Smt(20/05)"
2011,S Col-SE Ridge,8850,"BC(08/04,5845m),C1(19/04,6000m),C2(25/04,6400m),C3(10/05,7100m),C4(11/05,7900m),Smt(13/05)"
2011,S Col-SE Ridge,8850,"BC(12/04,5350m),C1(28/04,6100m),C2(30/04,6400m),C3(19/05,7130m),C4(20/05,7900m),Smt(20-21/05)"
2011,S Col-SE Ridge,8850,"BC(14/04,5350m),C1(20/04,5900m),C2(22/04,6400m),C3(29/04,7300m),C4(13/05,8000m),Smt(14,19/05)"
2011,S Col-SE Ridge,8850,"BC(09/04,5350m),C1(17/04,6100m),C2(19/04,6500m),C3(29/04,7250m),C4(10/05,7900m),Smt(05,11,13,19/05)"
2011,S Col-SE Ridge,8850,"BC(24/04,5300m),C2(07/05,6450m),C4(17/05,7900m),Smt(18/05)"
2011,S Col-SE Ridge,8850,"BC(12/04,5400m),C1(16-17/04,6100m),C2(20/04,6500m),C3(07/05,7300m),C4(19/05,7950m),Smt(20/05)"
2011,S Col-SE Ridge,8850,"BC(03/04,5334m),C1(18/04,5944m),C2(19/04,6492m),C3(28/04,7200m),C4(12/05,8016m),Smt(13/05)"
2011,S Col-SE Ridge,8850,"BC(16/04,5400m),C1(24/04,6100m),C2(25/04,6400m),C3(26/04,7060m),C4(17/05,7900m),Smt(18/05)"
2011,S Col-SE Ridge,8850,"BC(21/04,5364m),C1(23/04,6065m),C2(28/04,6400m),C3(05/05,7010m),C4(15/05,7924m),Smt(15/05)"
2011,S Col-SE Ridge,8850,"BC(23/04,5350m),C1(27/04,6000m),C2(29/04,6300m),C3(12/05,7100m),C4(18/05,7950m),Smt(20/05)"
2011,S Col-SE Ridge,8850,"BC(11/04,5350m),C1(23/04,5900m),C2(24/04,6400m),C3(02/05,7200m),C4(15/05,8023m),Smt(16/05)"
2011,S Col-SE Ridge,8850,"BC(19/04,5300m),C1(23/04,6000m),C2(26/04,6500m),C3(17/05,7300m),C4(18/05,7950m),Smt(19/05)"
2011,S Col-SE Ridge,8850,"BC(08/04,5300m),C1(15/04,6100m),C2(24/04,6400m),C3(27/04,7200m),C4(19/05,7950m),Smt(20/05)"
2011,S Col-SE Ridge,8850,"BC(19/04,5300m),C1(01/05,6100m),C2(02/05,6400m),C3(16/05,7200m),C4(17/05,7900m),Smt(18/05)"
2011,S Col-SE Ridge,8850,Smt(20/05)
2011,S Col-SE Ridge,8850,"BC(12/04,5300m),C1(24/04,6000m),C2(30/04,6600m),C3(02/05,7200m),C4(20/05,8000m),Smt(21/05)"
2011,S Col-SE Ridge,8850,"BC(13/04,5400m),C1(29/04,6000m),C2(01/05,6400m),C3(09/05,7000m),C4(7950m),Smt(18/05)"
2011,S Col-SE Ridge,8850,"BC(24/04,5400m),C1(06/05,6100m),C2(07/05,6300m),C3(19/05,6800m),C4(20/05,7950m),Smt(21,25/05)"
2011,S Col-SE Ridge,8850,"BC(09/04,5300m),C1(12/04,6000m),C2(18/04,6400m),C3(23/04,7200m),C4(11/05,8000m),Smt(13/05)"
2011,S Col-SE Ridge,8850,"BC(29/04,5400m),C2(18/05,6500m),C3(19/05,7200m),C4(20/05,7900m),Smt(21/05)"
2011,S Col-SE Ridge,8850,"BC(03/05,5400m),C1(06/05,6000m),C2(07/05,6600m),C3(17/05,7500m),C4(18/05,8000m),Smt(19/05)"
2011,S Col-SE Ridge,8850,"BC(04/05,5335m),C1,C2,C3,C4,Smt(19/05)"
2012,S Col-SE Ridge,8850,"Smt(19,26/05)"
2012,S Col-SE Ridge,8850,"BC(17/04,5370m),C1(29/04,5900m),C2(30/04,6500m),C3(24/05,7200m),C4(25/05,8000m),Smt(26/05)"
2012,S Col-SE Ridge,8850,"BC(07/04,5350m),C1(19/04,6000m),C2(20/04,6500m),C3(28/04,7200m),C4(18/05,8000m),Smt(19/05)"
2012,S Col-SE Ridge,8850,"BC(01/05,5350m),C2(03/05,6400m),C3(09/05,7200m),C4(10/05,8000m),Smt(18/05)"
2012,S Col-SE Ridge,8850,"BC(14/04,5350m),C1(24/04,6000m),C2(25/04,6400m),C4(18/05,8000m),Smt(19/05)"
2012,S Col-SE Ridge,8850,"BC(19/04,5350m),C1(27/04,6100m),C2(28/04,6400m),C3(17/05,7100m),C4(18/05,7950m),Smt(19/05)"
2012,S Col-SE Ridge,8850,"BC(12/04,5350m),C1(24/04,6100m),C2(25/04,6450m),C3(17/05,7080m),C4(18/05,7950m),Smt(19/05)"
2012,S Col-SE Ridge,8850,"BC(11/04,5350m),C1(17/04,6100m),C2(22/04,6400m),C3(17/05,7100m),C4(18/05,8000m),Smt(19/05)"
2012,S Col-SE Ridge,8850,"BC(15/04,5350m),C1(24/04,6000m),C2(26/04,6500m),C3(23/05,7300m),C4(24/05,8000m),Smt(25/05)"
2012,S Col-SE Ridge,8850,"BC(19/04,5350m),C2(25/04,6500m),C3(10/05,7200m),C4(18/05,8000m),Smt(19/05)"
2012,S Col-SE Ridge,8850,"BC(01/05,5350m),C2(11/05,6300m),C3(14/05,7300m),C4(25/05,8000m),Smt(26/05)"
2012,S Col-SE Ridge,8850,"BC(07/04,5350m),C1(20/04,6000m),C2(24/04,6400m),C3(05/05,7100m),C4(24/05,8000m),Smt(25/05)"
2012,S Col-SE Ridge,8850,"BC(08/04,5350m),C1(19/04,6000m),C2(02/05,6500m),C3(04/05,7400m),C4(18/05,8000m),Smt(19/05)"
2012,S Col-SE Ridge,8850,"BC(06/04,5350m),C1(21/04,6000m),C2(28/04,6400m),C3(01/05,7300m),C4(24/05,8000m),Smt(25/05)"
2012,S Col-SE Ridge,8850,"BC(16/04,5350m),C1(22/04,6000m),C2(24/04,6500m),C3(23/05,7000m),C4(24/05,8000m),Smt(26/05)"
2012,S Col-SE Ridge,8850,"BC(11/04,5350m),C1(21/04,6000m),C2(26/04,6300m),C3(22/05,7000m),C4(23/05,8000m),Smt(25/05)"
2012,S Col-SE Ridge,8850,"BC(07/04,5400m),C1(12/04,6000m),C2(15/04,6400m),C3(30/04,7300m),C4(17/05,8000m),Smt(19/05)"
2012,S Col-SE Ridge,8850,"BC(12/04,5350m),C1(19/04,5791m),C2(29/04,6492m),C3(23/05,7285m),C4(24/05,7900m),Smt(26/05)"
2012,S Col-SE Ridge,8850,"BC(15/04,5350m),C1(22/04,6000m),C2(24/04,6500m),C3(23/05,7300m),C4(24/05,8000m),Smt(25/05)"
2012,S Col-SE Ridge,8850,"BC(11/04,5300m),C1(19/04,6100m),C2(20/04,6400m),C3(30/04,7100m),C4(18/05,7950m),Smt(19/05)"
2012,S Col-SE Ridge,8850,"BC(08/04,5400m),C1(17/04,6100m),C2(22/04,6400m),C3(23/04,7200m),C4(18/05,8000m),Smt(19/05)"
2012,S Col-SE Ridge,8850,"BC(09/04,5250m),C1(19/04,6065m),C2(22/04,6500m),C3(17/05,7300m),C4(18/05,7900m),Smt(18-19,26/05) (see route notes for additional details)"
2012,S Col-SE Ridge,8850,"BC(26/04,5350m),C1(02/05,6000m),C2(03/05,6250m),C3(17/05,7300m),C4(18/05,8000m),Smt(25/05)"
2012,S Col-SE Ridge,8850,"BC(16/04,5350m),C1(24/11,6000m),C2(24/11,6400m),C3(17/05,7300m),C4(18/05,8000m),Smt(18-19/05)"
2012,S Col-SE Ridge,8850,"BC(07/04,5350m),C1(19/04,6000m),C2(27/04,6300m),C3(29/04,7400m),C4(18/05),Smt(19/05)"
2012,S Col-SE Ridge,8850,"BC(03/04,5350m),C1(12/04,6100m),C2(26/04,6500m),C3(15/05,7300m),C4(17/05,7900m),Smt(18/05)"
2012,S Col-SE Ridge,8850,"BC(14/04,5300m),C1(19/04,6000m),C2(23/04,6500m),C3(17/05,7100m),C4(18/05,7900m),Smt(19/05)"
2012,S Col-SE Ridge,8850,"BC(05/04,5300m),C1(09/04,6100m),C2(18/04,6400m),C3(28/04,7200m),C4(17/05,7900m),Smt(18/05)"
2012,S Col-SE Ridge,8850,"BC(11/04,5350m),C2(15/04,6400m),C3(19/04,7050m),C4(18/05,8000m),Smt(19/05)"
2012,S Col-SE Ridge,8850,"BC(16/04,5350m),C1(21/04,6100m),C2(27/04,6700m),C3(30/04,7200m),C4(19/05,7900m),Smt(18,25-26/05)"
2012,S Col-SE Ridge,8850,"BC(13/04,5350m),C1(16/04,6100m),C2(24/04,6500m),C3(28/04,7200m),C4(18/05,8000m),Smt(19/05)"
2012,S Col-SE Ridge,8850,"BC(09/04,5350m),C1(19/04,6000m),C2(20/04,6400m),C3(04/05,7300m),C4(18/05,8000m),Smt(19/05)"
2012,S Col-SE Ridge,8850,"BC(18/04,5334m),C1(25/04,5791m),C2(26/04,6400m),C3(24/05,7010m),C4(25/05,7925m),Smt(26/05)"
2012,S Col-SE Ridge,8850,"BC(01/04,5250m),C1(04/04,6100m),C2(16/04,6400m),C3(13/05,7150m),C4(24/05,7800m),Smt(18,25-26/05)"
2012,S Col-SE Ridge,8850,"BC(10/04,5250m),C1(19/04,6100m),C2(24/04,6550m),C3(02/05,7250m),C4(18/05,7800m),Smt(19/05)"
2012,S Col-SE Ridge,8850,"BC(19/04,5250m),C2(25/04,6400m),C3(27/04,7100m),C4(27/04,7900m),Smt(19/05)"
2012,S Col-SE Ridge,8850,"BC(28/03,5350m),C1(15/04,6000m),C2(18/04,6400m),C3(20/04,7300m),C4(18/05,8000m),Smt(19/05)"
2012,S Col-SE Ridge,8850,"BC(17/04,5300m),C1(224/04,6030m),C2(29/04,6400m),C3(04/05,7100m),C4(19/05,7900m),Smt(26/05)"
2012,S Col-SE Ridge,8850,"BC(08/04,5350m),C1(17/04,5900m),C2(26/04,6400m),C3(17/05,7100m),C4(18/05,7900m),Smt(18-19,25/05)"
2012,S Col-SE Ridge,8850,"BC(13/04,5500m),C1(20/04,6000m),C2(22/04,6500m),C3(17/05,7300m),C4(18/05,7900m),Smt(18,20/05)"
2012,S Col-SE Ridge,8850,"BC(09/04,5300m),C1(18/04,6100m),C2(20/04,6450m),C3(17/04,7300m),C4(18/04,7900m),Smt(19,25/05)"
2012,S Col-SE Ridge,8850,"BC,C1,C2(07/05,6450m),C3,C4,Smt(19/05)"
2012,S Col-SE Ridge,8850,"BC(15/04,5300m),C1(26/04,5900m),C2(27/04,6200m),C3(16/05,7300m),C4(17/05,7900m),Smt(19/05)"
2012,S Col-SE Ridge,8850,"BC(15/04,5300m),C1(26/04,5900m),C2(27/04,6200m),C3(16/05,7300m),C4(17/05,7900m),Smt(19/05)"
2012,S Col-SE Ridge,8850,"BC(06/04,5330m),C1(14/04,6100m),C2(15/04,6550m),C3(01/05,7160m),C4(18/05,7950m),Smt(19/05)"
2012,S Col-SE Ridge,8850,"BC(06/04,5330m),C1(6100m),C2(19/04,6500m),C3(7100m),C4(18/05,7950m),Smt(19/05)"
2012,S Col-SE Ridge,8850,"BC,C1,C2,C3,C4,Smt(25/05)"
2012,S Col-SE Ridge,8850,"BC,C1,C2,C3,C4,Smt(19/05)"
2013,S Col-SE Ridge,8850,"BC(14/04,5350m),C1(6000m),C2(6400m),C3(7300m),C4(7900m),Smt(18-19,21-22/05)"
2013,S Col-SE Ridge,8850,Smt(10/05)
2013,S Col-SE Ridge,8850,"BC(12/04,5350m),C1(19/04,6000m),C2(23/04,6400m),C3(29/04,7300m),C4(10/05,7900m),Smt(11/05)"
2013,S Col-SE Ridge,8850,"BC(12/04,5350m),C1(23/04,6100m),C2(28/04,6500m),C3(14/05,7000m),C4(15/05,7900m),Smt(17/05)"
2013,S Col-SE Ridge,8850,"BC(14/04,5350m),C1(24/04,6000m),C2(25/05,6400m),C3(16/05,7200m),C4,17/05,8000m),Smt(19-21/05)"
2013,S Col-SE Ridge,8850,"BC(11/04,5350m),C1(24/04,6000m),C2(25/04,6400m),C3(01/05,7300m),C4(15/05,7900m),Smt(17,21-22/05)"
2013,S Col-SE Ridge,8850,"BC(20/04,5350m),C1(24/04,6050m),C2(26/04,6400m),C3(10/05,7300m),C4(11/05,7900m),Smt(13,19,23/05)"
2013,S Col-SE Ridge,8850,"BC(15/04,5350m),C2(22/04,6400m),C3(04/05,7300m),C4(31/05,7900m),Smt(22/05)"
2013,S Col-SE Ridge,8850,"BC(22/04,5350m),C1(26/04,6000m),C2(28/04,6400m),C3(17/05,7300m),C4(18/05,7900m),Smt(19/05)"
2013,S Col-SE Ridge,8850,"BC(09/04,5350m),C1(30/04,6000m),C2(01/05,6400m),C3(16/05,7300m),C4(17/05,7900m),Smt(18/05)"
2013,S Col-SE Ridge,8850,"BC(09/04,5350m),C2(03/05,6400m),C3(04/05,7300m),C4(19/05,7900m),Smt(20/05)"
2013,S Col-SE Ridge,8850,"BC(10/04,5350m),C1(6000m),C2(27/04,6400m),C3(19/05,7300m),C4(20/05,7900m),Smt(21/05)"
2013,S Col-SE Ridge,8850,"BC(19/04,5350m),C1(26/04,6000m),C2(27/04,6400m),C3(17/05,7300m),C4(18/05,7900m),Smt(19/05)"
2013,S Col-SE Ridge,8850,"BC(13/04,5350m),C1(26/04,6000m),C2(27/04,6400m),C3(16/05,7300m),C4(17/05,7900m),Smt(18/05)"
2013,S Col-SE Ridge,8850,"BC(09/04,5340m),C2(27/04,6400m),C3(17/05,7300m),C4(18/05,7900m),Smt(19,21/05)"
2013,S Col-SE Ridge,8850,"BC(18/04,5350m),C1(16/05,6100m),C2(17/05,6550m),C3(19/05,7000m),C4(20/05,7900m),Smt(21/05)"
2013,S Col-SE Ridge,8850,"Smt(21,23/05)"
2013,S Col-SE Ridge,8850,"BC(17/04),C1,C2,C3,C4,Smt(19/05)"
2013,S Col-SE Ridge,8850,"BC(15/04,5350m),C1(27/04,6000m),C2(28/04,6500m),C3(09/05,7200m),C4(20/05,7900m),Smt(21/05)"
2013,S Col-SE Ridge,8850,"BC(20/04,5360m),C2(27/04,6450m),C3(04/05,7080m),C4(19/05,7090m),Smt(20/05)"
2013,S Col-SE Ridge,8850,Smt(20/05)
2013,S Col-SE Ridge,8850,"BC(13/04,5350m),C1(21/04,6000m),C2(23/04,6400m),C3(21/05,7300m),C4(22/05,7900m),Smt(23/05)"
2013,S Col-SE Ridge,8850,Smt(19/05)
2013,S Col-SE Ridge,8850,"BC(27/03,5350m),C1(19/04,6000m),C2(29/04,6400m),C3(30/04,7300m),C4(16/05,7900m),Smt(17-19,24/05)"
2013,S Col-SE Ridge,8850,"BC(11/04,5300m),C1(16/04,6000m),C2(21/04,6400m),C3(7200m),C4(18/05,7950m),Smt(19/05)"
2013,S Col-SE Ridge,8850,"BC(14/04,5350m),C1(24/04,6050m),C2(25/04,6400m),C3(10/05,7300m),C4(11/05,7900m),Smt(13/05)"
2013,S Col-SE Ridge,8850,"BC(13/04,5350m),C1(22/04,6000m),C2(24/04,6400m),C3(05/05,7300m),C4(20/05,7900m),Smt(22/05)"
2013,S Col-SE Ridge,8850,"BC(06/05,5350m),C1(6000m),C2(15/05,6400m),C3(17/05,7200m),C4(19/05,7950m),Smt(20/05)"
2013,S Col-SE Ridge,8850,"BC(15/04,5350m),C2(24/04,6400m),C3(04/05,7300m),C4(22/05,7900m),Smt(23/05)"
2013,S Col-SE Ridge,8850,"BC(07/05,5350m),C2(16/05,6400m),C3(20/05,7300m),C4(21/05,7900m),Smt(22/05)"
2013,S Col-SE Ridge,8850,"BC(11/04,5300m),C1(16/04,6000m),C2(21/04,6400m),C3(07/05,7100m),C4(17/05,8000m),Smt(18/05)"
2013,S Col-SE Ridge,8850,"BC(25/04,5350m),C2(30/04,6400m),C3(04/05,7350m),C4(16/05,7900m),Smt(18/05)"
2013,S Col-SE Ridge,8850,"BC(07/04,5350m),C1(13/05,6100m),C2(19/04,6600m),C3(29/04,7300m),C4(12/05,7950m),Smt(13/05)"
2013,S Col-SE Ridge,8850,"BC(28/04,5300m),C1(02/05,6000m),C2(08/05,6300m),C3(18/05,7005m),C4(19/05,7900m),Smt(20/05)"
2013,S Col-SE Ridge,8850,"BC(21/04,5350m),C1(27/04,6000m),C2(28/04,6400m),C3(02/05,7300m),C4(21/05,7900m),Smt(23/05)"
2013,S Col-SE Ridge,8850,"BC(05/04,5350m),C1(14/04,5800m),C2(16/04,6400m),C3(04/05,7300m),C4(15/05,7900m),Smt(17/05)"
2013,S Col-SE Ridge,8850,"BC(17/04,5400m),C1(07-08/05,6000m),C2(09/05,6500m),C3(19/05,7300m,C4(20/05,8000m),Smt(21/05)"
2013,S Col-SE Ridge,8850,"BC(22/04,5350m),C1(26/04,6000m),C2(29/04,6400m),C3(17/05,7200m),C4(18/05,8000m),Smt(19-20/05)"
2013,S Col-SE Ridge,8850,"BC(21/04,5350m),C2(28/04,6400m),C3(11/05,7300m),C4(18/04,7900m),Smt(19/05)"
2013,S Col-SE Ridge,8850,"BC(11/04,5350m),C1(22/04,5900m),C2(23/04,6400m),C3(14/05,7100m),C4(15/05,7900m),Smt(17/05)"
2013,S Col-SE Ridge,8850,"BC(12/04,5330m),C1(20/04,6100m),C2(24/04,6400m),C3(15-16/05,7160m),C4(16-17/05,7950m),Smt(18-19/05)"
2013,S Col-SE Ridge,8850,"BC(09/05,5300m),C2(17/05,6400m),C3(19/05,7100m),C4(20/05,8000m),Smt(21/05)"
2013,S Col-SE Ridge,8850,"BC(17/04,5300m),C1(24/04,6100m),C2(16/05,6400m),C3(17/05,7500m),C4(18/05,7850m),Smt(19/05)"
2013,S Col-SE Ridge,8850,"BC(16/04,5350m),C1(21/04,6000m),C2(23/04,6400m),C3(19/05,7400m),C4(20/05,7900m),Smt(22/05)"
2013,S Col-SE Ridge,8850,"BC(08/04,5350m),C1(15/04,5900m),C2(16/04,6350m),C4(17/05,7900m),Smt(22/05)"
2013,S Col-SE Ridge,8850,"BC(14/04,5350m),C1(21/04,5900m),C2(23/04,6500m),C3(15/05,7400m),C4(17/05,7900m),Smt(18,22/05)"
2013,S Col-SE Ridge,8850,"BC(08/04,5350m),C1(16/04,6050m),C2(22/04,6450m),C3(16/05,7100m),C4(17/05,7900m),Smt(19/05)"
2013,S Col-SE Ridge,8850,"BC(13/04,5225m),C1(24/04,6000m),C2(28/04,6400m),C3(06/05,7200m),C4(18/05,7900m),Smt(19-20/05)"
2013,S Col-SE Ridge,8850,"BC(05/04,5350m),C1(18/04,6035m),C2(25/04,6500m),C3(07/05,7300m),C4(22/05,7900m),Smt(23/05)"
2013,S Col-SE Ridge,8850,"BC(17/04,5350m),C1(16/05,6000m),C2(17/05,6400m),C3(19/05,7100m),IntCmp(20/05,7600m),C4(21/05,7900m),C5(22/05,8500m),Smt(23/05)"
2013,S Col-SE Ridge,8850,"BC(09/04,5300m),C1(01/05,6100m),C2(24/04,6400m),C3(04/05,7400m),C4(09/05,7900m),Smt(10,23/05)"
2013,S Col-SE Ridge,8850,"BC(17/04,5300m),C1(23/04,6000m),C2(28/04,6400m),C3(02/05,7000m),C4(18/05,7900m),Smt(19-20,23)"
2013,S Col-SE Ridge,8850,"BC(10/04,5325m),C1(19/04,6900m),C2(21/04,6700m),C3(29/04,7300m),C4(17/05,7900m),Smt(18,20-21/05)"
2013,S Col-SE Ridge,8850,"BC(05/04,5500m),C2(28/04,6400m),C3(16/05,7100m),C4(17/05,8000m),Smt(19/05)"
2013,S Col-SE Ridge,8850,"BC(23/04,5350m),C1(29/04,6100m),C2(04/05,6400m),C3(06/05,7100m),C4(18/05,7900m),Smt(19-20/05)"
2013,S Col-SE Ridge,8850,"BC(12/04,5300m),C1(24/04,6100m),C2(30/04,6400m),C3(16/05,7200m),C4(17/05,8000m),Smt(19/05)"
2013,S Col-SE Ridge,8850,"BC(18/04,5350m),C1(26/04,6000m),C2(02/05,6400m),C3(19/05,7350m),C4(20/05,7900m),Smt(22/05)"
2013,S Col_SE Ridge,8850,Smt(19/05)
2014,S Col-SE Ridge,8850,"BC(07/05,5350m),C2(10/05,6450m),C3(16/05,7400m),C4(22/05,7950m),Smt(23/05)"
2016,S Col-SE Ridge,8850,"BC(10/04,5300m),C1(6100m),C2(6490m),C3(7150m),C4(7950m),Smt(11-13,21/05)"
2016,S Col-SE Ridge,8850,Smt(11/05)
2016,S Col-SE Ridge,8850,"BC,C1,C2,C3,C4,Smt(15,19-21/05)"
2016,S Col-SE Ridge,8850,"BC(20/04,5350m),C1(27/04,6000m),C2(28/04,6300m),C3(18/05,7100m),C4(19/05,7900m),Smt(20/05)"
2016,S Col-SE Ridge,8850,Smt(16/05)
2016,S Col-SE Ridge,8850,"BC(19/04,5350m),C2(25/04,6400m),C3(13/05,7100m),C(14/05,7900m),Smt(15-16,19/05)"
2016,S Col-SE Ridge,8850,"BC(16/04,5350m),C1(23/04,6100m),C2(26/04,6473m),C3(30/04,7100m),C4(14/05,7950m),Smt(19/05)"
2016,S Col-SE Ridge,8850,"BC(10/04,5350m),C1(12/04,6100m),C2(14/04,6500m),C3(30/04,7300m),C4(20/05,8000m),Smt(21,23/05)"
2016,S Col-SE Ridge,8850,"BC(10/04,5267m),C1(28/04,6057m),C2(29/04,6493m),C3(03/05,7249m),C4(12/05,7900m),Smt(13/05)"
2016,S Col-SE Ridge,8850,"BC(12/04,5350m),C1(20/04,6100m),C2(22/05,6400m),C3(17/05,7300m),C4(18/05,7900m),Smt(19-20/05)"
2016,S Col-SE Ridge,8850,"BC(12/04,5350m),C1(20/04,6100m),C2(22/05,6400m),C3(17/05,7300m),C4(18/05,7900m),Smt(19/05)"
2016,S Col-SE Ridge,8850,"BC(16/04,5250m),C1(19/04,6000m),C2(26/04,6400m),C3(12/05,7000m),C4(13/05,7950m),Smt(19/05)"
2016,S Col-SE Ridge,8850,"BC(21/04,5300m),C1(25/04,6000m),C2(26/04,6350m),C3(10/05,7100m),C4(11/05,7950m),Smt(12/05)"
2016,S Col-SE Ridge,8850,"BC(20/04,5350m),C2(26/04,6475m),C3(02/05,7000m),C4(18/05,7950m),Smt(19/05)"
2016,S Col-SE Ridge,8850,"BC(12/04,5350m),C1(19/04,6000m),C2(20/04,6400m),C3(16/05,7200m),C4(17/05,7950m),Smt(19/05)"
2016,S Col-SE Ridge,8850,"BC(14/04,5300m),C1(20/04,6000m),C2(26/04,6400m),C3(11/05,7200m),C4(13/05,8000m),Smt(13/05)"
2016,S Col-SE Ridge,8850,"BC(09/04,5350m),C1(25/04,6100m),C2(26/04,6400m),C3(16/03,7100m),C4(17/05,7950m),Smt(19/05)"
2016,S Col-SE Ridge,8850,"BC(14/04,5300m),C1(22/04,6100m),C2(24/04,6550m),C3(18/05,7300m),C4(19/04,7950m),Smt(21/05)"
2016,S Col-SE Ridge,8850,"BC(10/04,5350m),C1(20/04,6000m),C2(25/04,6650),C3(7200m),C4(12/05,7900m),Smt(13/05)"
2016,S Col-SE Ridge,8850,"BC(13/04,5350m),C1(20/04,6000m),C2(22/04,6400m),C3(16/05,7200m),C4(17/05,7950m),Smt(19/05)"
2016,S Col-SE Ridge,8850,"BC(19/04,5350m),C1(04/05,6000m),C2(06/05,6200m),C3(08/05,7200m),C4(19/05,7925m),Smt(20/05)"
2016,S Col-SE Ridge,8850,"BC(14/04,5350m),C1(01/05,6000m),C2(03/05,6400m),C3(17/05,7300m),C4(18/05,7950m),Smt(19/05)"
2016,S Col-SE Ridge,8850,"BC(14/04,5350m),C1(27/04,6100m),C2(28/04,6640m),C3(17/05,7100m),C4(18/05,7950m),Smt(19-20/05)"
2016,S Col-SE Ridge,8850,"BC(22/04,5350m),C1(24/04,6000m),C2(25/04,6400m),C3(03/05,7300m),C4(18/05,7950m),Smt(19/05)"
2016,S Col-SE Ridge,8850,"BC(11/04,5300m),C1(19/04,6300m),C2(30/04,6800m),C3(17/05,7300m),C4(18/05,8000m),Smt(19/05)"
2016,S Col-SE Ridge,8850,"BC(23/04,5350m),C2(01/01,6400m),C3(17/05,7000m),C4(18/05,7900m),Smt(19/05)"
2016,S Col-SE Ridge,8850,"BC(12/04,5350m),C2(30/04,6450m),C3(02/05,7100m),C4(18/05,7950m),Smt(19/05)"
2016,S Col-SE Ridge,8850,"BC(15/04,5150m),C1(30/04,6100m),C2(6400m),C3(7100m),C4(8000m),Smt(19/05)"
2016,S Col-SE Ridge,8850,"BC(14/04,5280m),C2(26/04,6500m),C3(29/04,7200m),C4(17/05,7950m),Smt(19/05)"
2016,S Col-SE Ridge,8850,"BC(09/04,5350m),C1(15/04,6000m),C2(16/04,6500m),C3(08/05,7100m),C4(20/05,7900m),Smt(22/05)"
2016,S Col-SE Ridge,8850,"BC(04/21,5350m),C1(28/04,6000m),C2(06/05,6400m),C3(19/05,7300m),C4(20/05,8000m),Smt(21-22/05)"
2016,S Col-SE Ridge,8850,"BC(18/04,5350m),C2(24/04,6400m),C3(07/05,7100m),C4(18/05,7900m),Smt(19/05)"
2016,S Col-SE Ridge,8850,"BC(18/04,5350m),C2(24/04,6400m),C3(07/05,7100m),C4(18/05,7900m),Smt(19/05)"
2016,S Col-SE Ridge,8850,"BC(11/04,5350m),C1(24/04,5900m),C2(25/04,6500m),C3(12/05,7100m(),C4(13/05,7900m),Smt(15/05)"
2016,S Col-SE Ridge,8850,"BC(24/04,5350m),C1(29/04),C2(01/05),C3(04/05,7200m),C4(18/05,8000m),Smt(19/05)"
2016,S Col-SE Ridge,8850,"BC(13/04,5350m),C1(23/04,6000m),C2(24/04,6500m),C3(17/05,7300m),C4(18/05,7900m),Smt(19/05)"
2016,S Col-SE Ridge,8850,"BC(5350m),C1(6100m),C2(6400m),C3(12/05,7300m),C4(13/05,7950m),Smt(14-15,19/05)"
2016,S Col-SE Ridge,8850,"BC,C1,C2,C3,C4,Smt(19/05)"
2016,S Col-SE Ridge,8850,"BC(11-15/04,5350m),C1(25/04,6100m),C2(27/04,6500m),C3(17/05,7160m),C4(18/05,7950m),Smt(19/05)"
2016,S Col-SE Ridge,8850,"BC,C1,C2,C3,C4,Smt(15/05)"
2016,S Col-SE Ridge,8850,"BC,C1,C2,C3,C4(20/05,7950m),Smt(21/05)"
2016,S Col-SE Ridge,8850,"BC(15/04,5350m),C1(25/04,6065m),C2(26/04,6400m),C3(16/05,7300m),C4(17/05,7950m),Smt(19/05)"
2016,S Col-SE Ridge,8850,Smt(20/05)
2016,S Col-SE Ridge,8850,Smt(15/05)
2016,S Col-SE Ridge,8850,Smt(13/05)
2016,S Col-SE Ridge,8850,"BC,C1,C2,C3,C4,Smt(19/05)"
2017,S Col-SE Ridge,8850,"BC(14/04,5350m),C1,C2,C3,C4,Smt(22,27/05)"
2017,S Col-SE Ridge,8850,See route notes
2017,S Col-SE Ridge,8850,"BC(14/04,5350m),C1(19/04,6100m),C2(20/04,6500m),C3(14/05,7100m),C4(14/05,7900m),Smt(15-16/05)"
2017,S Col-SE Ridge,8850,"BC((12/04,5350m),C1,C2,C3,C4,Smt(20-21,23,27/05)"
2017,S Col-SE Ridge,8850,"BC(23/05,5350m),C2(25/05,6400m),C4(26/05,8000m),Smt(27/05)"
2017,S Col-SE Ridge,8850,"BC(19/04,5400m),C1(30/04,6100m),C2(01/05,6500m),C3(19/05,7200m),C4(20/05,7950m),Smt(21/05)"
2017,S Col-SE Ridge,8850,"BC,C1,C2,C3,C4,Smt(21,27/05)"
2017,S Col-SE Ridge,8850,"BC(10/04,5350m),C1(6100m),C2(15/04,6500m),C3(09/05,7300m),C4(09,25/05,7900m),Smt(26/05)"
2017,S Col-SE Ridge,8850,"BC(04/04,5350m),C1(6000m),C2(6500m),C3(7200m),C4(7900m),Smt(22,25/05)"
2017,S Col-SE Ridge,8850,"BC(09/04,5400m),C1(24/04,6100m),C2(26/04,6500m),C3(24/05,7400m),C4(25/05,7950m),Smt(27/05)"
2017,S Col-SE Ridge,8850,"BC(12/04,5350m),C1(19/04,6000m),C2(21/04,6450m),C3(19/05,7350m),C4(20/05,8000m),Smt(21-22,27)"
2017,S Col-SE Ridge,8850,"BC(17/04,5350m),C1(21/04,6100m),C2(24/04,6400m),C3(14/05,7100m),C4(15/05,7900m),Smt(16,26/05)"
2017,S Col-SE Ridge,8850,"BC(17/04,5350m),C1(25/04,6100m),C2(26/04,6500m),C3(23/05,7100m),C4(24/05,7900m),Smt(25/05)"
2017,S Col-SE Ridge,8850,"BC(13/04,5350m),C1(21/04,6100m),C2(22/04,6550m),C3(19/05,7100m),C4(20/05,7900m),Smt(21,23/05)"
2017,S Col-SE Ridge,8850,"BC(20/04,5300m),C1(27/04,6100m),C2(28/04,6400m),C3(14/05,7000m),C4(15/05,7950m),Smt(16/05)"
2017,S Col-SE Ridge,8850,"BC(20/04,5350m),C1(27/04,6100m),C2(30/04,6400m),C3(19/05),C4(20/05),Smt(21-22/05)"
2017,S Col-SE Ridge,8850,"BC(09/04,5400m),C1(25/04,6100m),C2(26/04,6400m),C3(11/05,7100m),C4(21/05,7950m),Smt(22/05)"
2017,S Col-SE Ridge,8850,"BC(16/04,5400m),C1(17/04,6100m),C2(13/05,6400m),C3(15/05,7100m),C4(19/05,7950m),Smt(21/05)"
2017,S Col-SE Ridge,8850,"BC(16/04,5350m),C1(23/04,6100m),C2(26/04,6500m),C3(29/04,7050m),C4(17/05,8000m),Smt(20-21/05)"
2017,S Col-SE Ridge,8850,"BC(11/04,5350m),C1(19/04,5900m),C2(23/04,6500m),C3(20/05,7100m),C4(21/05,7950m),Smt(22/05)"
2017,S Col-SE Ridge,8850,"BC(12/04,5400m),C1(25/04,6100m),C2(27/04,6400m),C3(22/05,7100m),C4(23/05,7950m),Smt(25/05)"
2017,S Col-SE Ridge,8850,"BC(10/04,5350m),C1(15/04,6100m),C2(18/04,6500m),C3(20/05,7300m),C4(21/05,7900m),Smt(22/05)"
2017,S Col-SE Ridge,8850,"BC(19/04,5350m),C1(26/04,6100m),C2(27/04,6500m),C3(09/05,7100m),C4(21/05,7900m),Smt(22/05)"
2017,S Col-SE Ridge,8850,"BC(18/04,5400m),C1(25/04,6100m),C2(26/04,6500m),C3(29/04,7100m),C4(20/05,7950m),Smt(22/05)"
2017,S Col-SE Ridge,8850,"BC(19/04,5400m),C1,C2(17/05,6400m),C3(18/05,7200m),C4(19/05,7950m),Smt(21/05)"
2017,S Col-SE Ridge,8850,"BC(19/04,5350m),C1(29/04,6100m),C2(30/04,6500m),C3(18/05,7300m),C4(19/05,7900m),Smt(20/05)"
2017,S Col-SE Ridge,8850,"BC(07/05,5350m),C1(08/05,6100m),C2(09/05,6500m),C3(17/05,7370m),C4(21/05,7900m),Smt(22/05)"
2017,S Col-SE Ridge,8850,"BC(11/04,5400m),C1(19/04,6100m),C2(20/04,6400m),C3(14/05,7300m),C4(15/05,7900m),Smt(16/05); C2(19/05,6400m),C4(20/05,7900m),Smt(21/05)"
2017,S Col-SE Ridge,8850,"BC(24/04,5400m),C1(01/05,6100m),C2(03/05,6400m),C3(22/05,7000m),C4(23/05,7950m),Smt(25/05)"
2017,S Col-SE Ridge,8850,"BC(16/04,5400m),C1(6100m),C2(24/04,6390m),C3(20/05,7410m),C4(22/05,7950m),Smt(25/05)"
2017,S Col-SE Ridge,8850,"BC(10/04,5350m),C1(18/04,6100m),C2(19/04,6500m),C3(21/04,7100m),C4(15/05,7900m),Smt(16/05)"
2017,S Col-SE Ridge,8850,"BC(17/04,5350m),C1(21/04,6100m),C2(22/04,6500m),C3(18/05,7370m),C4(19/05,7900m),Smt(20/05)"
2017,S Col-SE Ridge,8850,"BC(16/04,5300m),C1,C2,C3,C4,Smt(20/05)"
2017,S Col-SE Ridge,8850,"BC(),C1(),C2(),C3(),C4(),Smt(19/05)"
2017,S Col-SE Ridge,8850,"BC(21/04,5300m),C1(01/05,6100m),C2(02/05,6500m),C3(19/05,6900m),C4(20/05,7900m),Smt(21/05)"
2017,S Col-SE Ridge,8850,"BC(12/04,5300m),C1(25/04,6100m),C2(26/04,6400m),C3(18/05,7200m),C4(19/05,7900m),Smt(20,25/05)"
2017,S Col-SE Ridge,8850,"BC(23/04,5400m),C1(27/04,6000m),C2(28/04,6400m),C3(07/05,7300m),C4(19/05,7900m),Smt(21/05)"
2017,S Col-SE Ridge,8850,"BC(23/04,5350m),C1,C2,C3,C4(18/05,7950m),Smt(20-22/05)"
2017,S Col-SE Ridge,8850,
2017,S Col-SE Ridge,8850,"BC(18/04,5350m),C1(6100m),C2(6400m),C3(7300m),C4(19/05,7950m),Smt(21/05)"
2017,S Col-SE Ridge,8850,"BC,C1,C2,C3,C4,Smt(21/05)"
2017,S Col-SE Ridge,8850,"BC(10/04,5350m),C1(16/04,6100m),C2(24/04,6400m),C3(07/05,7350m),C4(21/05,8000m),Smt(22/05)"
2017,S Col-SE Ridge,8850,Smt(21/05)
2017,S Col-SE Ridge,8850,"BC(16/04,5363m),C1(25/04,6000m),C2(26/04,6400m),C3(28/04,7300m),C4(15/05,8000m),Smt(16/05)"
2018,S Col-SE Ridge,8850,Smt(13/05)
2018,S Col-SE Ridge,8850,"BC,C1,C2,C3,C4,Smt(19-21/05)"
2018,S Col-SE Ridge,8850,"BC(16/04,5350m),C1,C2,C3,C4,Smt(20-21/05)"
2018,S Col-SE Ridge,8850,"BC(18/04,5300m),C1(08/05,5900m),C2(09/05,6400m),C3(18/05,7300m),C4(19/05,7900m),Smt(20-21/05)"
2018,S Col-SE Ridge,8850,"BC(13/04,5350m),C1(22/04,5900m),C2(24/04,6440m),C3(17/05,7000m),C4(18/05,7900m),Smt(19/05)"
2018,S Col-SE Ridge,8850,"BC(30/03,5350m),C1(20/04,5900m),C2(22/04,6440m),C3(14/05,7000m),C4(15/05,7900m),Smt(16/05)"
2018,S Col-SE Ridge,8850,"BC(12/04,5350m),C1(19/04,5900m),C2(21/04,6400m),C3(16/05,7000m),C4(17/05,7900m),Smt(18/05)"
2018,S Col-SE Ridge,8850,"BC(16/04,5350m),C1(21/04,5900m),C2(10/05,6400m),C3(12/05,700),C4(13/05,7900m),Smt(14/05)"
2018,S Col-SE Ridge,8850,"BC(14/04,5350m),C1(21/04,5900m),C2(23/04,6400m),C3(13/05,7000m),C4(16/05,7900m),Smt(17-18/05)"
2018,S Col-SE Ridge,8850,"BC(18/04,5350m),C1(21/04,5900m),C2(22/04,6400m),C3(12/05,7000m),C4(13/05,7900m),Smt(14/05)"
2018,S Col-SE Ridge,8850,"BC(17/04,5350m),C1(21/04,5900m),C2(26/04,6350m),C3(14/05,7000m),C4(15/05,7900m),Smt(16-17,21/05)"
2018,S Col-SE Ridge,8850,"BC(20/04,5350m),C1(23/04,5900m),C2(24/04,6500m),C3(13/05,7000m),C4(14/05,7900m),Smt(16/05)"
2018,S Col-SE Ridge,8850,"BC(08/04,5350m),C1(19/04,5900m),C2(24/04,6300m),C3(02/05,7100m),C4(15/05,7900m),Smt(16/05)"
2018,S Col-SE Ridge,8850,"BC(16/04,5350m),C1(5900m),C2(23/04,6440m),C3(7000m),C4(14/05,7900m),Smt(24/05)"
2018,S Col-SE Ridge,8850,"BC(11/04,5350m),C1(5900m),C2(6400m),C3(7000m),C4(7900m),Smt(14,16,19/05)"
2018,S Col-SE Ridge,8850,"BC(18/04,5350m),C1(23/04,5900m),C2(24/04,6400m),C3(30/04,7000m),C4(15/05,7900m),Smt(16-17/05)"
2018,S Col-SE Ridge,8850,"BC(20/04,5350m),C1(27/04,5900m),C2(28/04,6400m),C3(18/05,7000m),C4(19/05,7900m),Smt(20-21/05)"
2018,S Col-SE Ridge,8850,"BC(19/04,5300m),C1(25/04,5900m),C2(26/04,6400m),C3(07/05,7200m),C4(16/05,7900m),Smt(17/05)"
2018,S Col-SE Ridge,8850,"BC(19/04,5350m),C1(6000m),C2(25/04,6390m),C3(12/05,6905m),C4(13/05,7900m),Smt(14,16/05)"
2018,S Col-SE Ridge,8850,"BC(17/04,5350m),C1(21/04,6080m),C2(22/04,6490m),C3(12/05,7060m),C4(13/05,7900m),Smt(14/05)"
2018,S Col-SE Ridge,8850,"BC(26/04,5350m),C1(04/05,5900m),C2(05/05,6400m),C3(16/05,7000m),C4(17/05,7900m),Smt(18/05)"
2018,S Col-SE Ridge,8850,"BC,C1,C2,C3,C4,Smt(19-20/05)"
2018,S Col-SE Ridge,8850,"BC(14/04,5350m),C1(21/04,5900m),C2(01/05,6400m),C3(17/05,7000m),C4(18/05,7900m),Smt(19-20/05)"
2018,S Col-SE Ridge,8850,"BC(05/04,5350m),C1(12/04,5900m),C2(14/04,6440m),C3(24/04,7000m),C4(20/05,7900m),Smt(21-22/05)"
2018,S Col-SE Ridge,8850,"BC(18/04,5350m),C1(27/04,5900m),C2(29/04,6440m),C3(20/05,7000m),C4(21/05,7900m),Smt(23/05)"
2018,S Col-SE Ridge,8850,"BC(05/04,5350m),C2(19/04,6400m),C3(15/05),C4(16/05,7900m),Smt(17/05)"
2018,S Col-SE Ridge,8850,"BC(13/04,5350m),C1(5900m),C2(6440m),C3(7000m),C4(7900m),Smt(16-19/05)"
2018,S Col-SE Ridge,8850,"BC(5350m),C1(5900m),C2(6400m),C3(7200m),C4(7900),Smt(16-19,22/05)"
2018,S Col-SE Ridge,8850,"BC(10/04,5350m),C1(23/04,5900m),C2(26/04,6440m),C3(19/05,7000m),C4(20/05,7900m),Smt(22/05)"
2018,S Col-SE Ridge,8850,"BC(22/04,5350m),C1(5900m),C2(01/05,6400m),C3(03/05,7000m),C4(17/05,7900m),Smt(18/05)"
2018,S Col-SE Ridge,8850,"BC(18/04,5350m),C1(30/04,5900m),C2(01/05,6400m),C3(02/05,7000m),C4(17/05,7900m),Smt(19/05)"
2018,S Col-SE Ridge,8850,"BC(16/04,5350m),C127/04,5900m(),C2(05/05,6440m),C3(18/05,7000m),C4(19/05,7900m),Smt(20/05)"
2018,S Col-SE Ridge,8850,"BC(16/04,5370m),C1(26/04,6000m),C2(27/04,6500m),C3(17/05,7000m),C4(18/05,7900m),Smt(19/05)"
2018,S Col-SE Ridge,8850,"BC(17/04,5350m),C1(26/04,5900m),C2(27/04,6400m),C3(29/04,7200m),C4(18/05,7900m),Smt(19/05)"
2018,S Col-SE Ridge,8850,"BC(28/04,5350m),C1(30/04,5900m),C2(01/05,6400m),C3(15/05,7000m),C4(16/05,7900m),Smt(18/05)"
2018,S Col-SE Ridge,8850,"BC(26/04,5350m),C1(30/04,5900m),C2(01/05,6400m),C3(07/05,7000m),C4(22/05,7900m),Smt(23/05)"
2018,S Col-SE Ridge,8850,"BC(12/04m5350m),C1(19/04,5900m),C2(28/04,6440m),C3(19/05,7100m),C4(20/05,7900m),Smt(21/05)"
2018,S Col-SE Ridge,8850,"BC(18/84,5350m),C1(5900m),C2(25/04,6400m),C3(16/05,7000m),C4(17/05,7900m),Smt(18/05)"
2018,S Col-SE Ridge,8850,"BC(24/04,5350m),C1(27/04,5900m),C2(02/05,6440m),C3(16/05,7000m),C4(17/05,7900m),Smt(18/05)"
2018,S Col-SE Ridge,8850,"BC(26/04,5300m),C1(03/05,6200m),C2(04/05,6400m),C3(21/05,7200m),C4(22/05,7900m),Smt(23/05)"
2018,S Col-SE Ridge,8850,"BC(09/04,5350m),C1(20/04,6000m),C2(21/04,6400m),C3(11/05,7100m),C4(12/05,7900m),C5(13/05,8400m),Smt(14/05)"
2018,S Col-SE Ridge,8850,"BC(13/04,5350m),C1(29/04,5900m),C2(30/04,6440m),C3(1605,7000m),C4(17/05,7900m),Smt(18/05)"
2018,S Col-SE Ridge,8850,"BC(08/04,5350m),C1(24/04,5900m),C2(26/05,6440m),C3(15/05,7000m),C4(16/05,7900m),Smt(17/05)"
2018,S Col-SE Ridge,8850,"BC(14/05,5350m),C1(5900m),C2(6400m),C3(7100m),C4(7900m),Smt(18,23/05)"
2018,S Col-SE Ridge,8850,"BC(12/04,5400m),C1(20/04,6000m),C2(24/04,6400m),C3(04/05,7200m),C416/05,7900m(),Smt(17/05)"
2018,S Col-SE Ridge,8850,"BC(07/04,5300m),C2(16/04,6400m),C3(09/05,7000m),C4(15/05,7900m),Smt(16/05)"
2018,S Col-SE Ridge,8850,"BC(11/04,5350m),C1(20/04,6000m),C2(21/04,6400m),C3,C4(7900m),Smt(18/05)"
2018,S Col-SE Ridge,8850,"BC(14/04,5350m),C1(26/04,5900m),C2(27/04,6440m),C3(16/05,7000m),C4(17/05,7900m),Smt(18/05)"
2018,S Col-SE Ridge,8850,"BC(15/04,5350m),C1(23/04,5900m),C2(25/04,6400m),C3(16/05,7000m),C4(17/05,7900m),Smt(18/05)"
2018,S Col-SE Ridge,8850,"BC(22/04,5350m),C1(29/04,5900m),C2(30/04,6400m),C3(04/05,7000m),C4(17/05,7900m),Smt(18/05)"
2018,S Col-SE Ridge,8850,"BC(18/05,5400m),C1(20/04,6000m),C2(21/04,6500m),C3(29/04,7300m),C4(17/05,8000m),Smt(18/05)"
2018,S Col-SE Ridge,8850,"BC(16/04,5300m),C1(26/04,6000m),C2(27/04,6400m),C3(14/05,7315m),C4(15/05,7900m),Smt(16/05)"
2018,S Col-SE Ridge,8850,"BC(20/04,5360m),C1(27/04,6000m),C2(29/04,6400m),C3(12/05,7200m),C4(13/05,7900m),Smt(14,16/05)"
2018,S Col-SE Ridge,8850,"BC(26/04,5350m),C1(01/05,6000m),C2(03/05,6400m),C3(18/05,7100m),C4(19/05,7950m),Smt(20/05)"
